aX, aY, aZ, gX, gY, gZ
-0.364,1.242,1.443,133.789,213.562,44.800
-0.484,1.157,1.183,159.607,242.126,18.311
-0.589,1.224,0.872,41.748,261.108,12.085
-1.526,2.352,-1.950,9.033,302.795,7.202
-2.517,2.480,-3.811,24.048,349.365,-22.217
-3.483,1.937,-4.000,-184.937,-81.299,24.536
-4.000,1.884,-4.000,-436.218,-543.152,166.260
-3.570,3.923,-1.458,-666.077,-852.051,287.109
-2.941,4.000,1.271,-796.143,-910.217,308.350
-2.129,3.781,3.568,-665.344,-720.337,190.613
-0.186,2.606,4.000,-473.633,-574.951,129.211
0.372,2.124,4.000,-225.525,-372.253,23.865
0.333,1.629,3.754,297.913,101.013,-243.408
-0.070,1.079,2.655,432.495,246.216,-301.270
-0.590,0.193,-0.940,441.406,261.719,-273.560
-0.490,0.088,-1.420,352.051,179.016,-197.449
-0.304,0.163,-1.189,50.476,31.128,-48.462
-0.049,0.712,-0.678,-73.669,11.597,6.836
0.082,1.070,-0.300,-148.499,-8.667,45.654
0.222,1.389,0.203,-162.842,-49.316,60.608
0.312,1.555,0.625,-123.535,-38.574,45.410
0.233,1.430,0.828,-71.960,-5.615,29.663
0.127,1.296,0.700,-15.198,41.687,20.752
0.023,1.236,0.517,89.783,147.339,31.677
-0.121,1.282,0.117,135.925,188.721,43.396
-0.176,1.272,-0.006,177.734,209.290,50.354
-0.193,1.246,-0.017,226.013,199.463,44.800
-0.187,1.211,0.031,238.831,191.833,38.940
-0.315,1.557,-0.055,215.027,177.917,14.954
-0.291,1.463,0.011,125.061,153.625,-46.753
-0.217,1.001,0.061,-10.254,137.817,-142.578
-0.149,0.409,-0.178,3.784,142.212,-118.225
-0.128,0.458,-0.273,44.678,135.681,-76.294
0.047,0.472,-0.364,49.622,85.693,-37.048
0.213,0.366,-0.534,-88.196,29.419,-21.851
-0.098,0.617,-0.055,-244.019,-33.142,12.024
-0.154,0.925,0.272,-292.053,-57.495,44.678
-0.069,1.069,0.301,-116.699,3.601,34.790
0.031,1.068,0.070,-54.932,27.954,11.780
0.032,1.116,0.011,-42.480,35.889,-6.409
0.035,1.163,-0.059,-61.401,33.569,-38.635
0.001,1.047,-0.154,-73.242,27.039,-57.739
-0.018,0.904,-0.207,-91.309,18.311,-72.449
-0.040,0.827,-0.284,-109.985,8.057,-75.500
-0.038,0.861,-0.359,-135.986,-22.278,-64.026
-0.001,1.031,-0.453,-163.452,-45.410,-67.322
-0.013,1.107,-0.430,-197.998,-71.716,-77.087
-0.027,1.158,-0.376,-210.449,-101.807,-103.699
0.019,1.072,-0.423,-181.274,-101.379,-117.554
0.053,0.918,-0.473,-148.254,-100.403,-127.014
0.081,0.707,-0.492,-83.923,-103.882,-113.831
0.090,0.543,-0.509,-58.655,-105.835,-87.341
0.085,0.608,-0.525,-37.781,-107.056,-57.739
0.098,0.749,-0.503,-12.451,-104.675,-34.851
0.124,0.888,-0.486,8.789,-92.285,-17.334
0.160,1.008,-0.486,-11.902,-90.332,-20.752
0.150,0.999,-0.479,-44.312,-91.492,-28.687
0.132,0.935,-0.482,-89.539,-87.952,-47.058
0.130,0.830,-0.522,-101.562,-83.130,-48.706
0.148,0.718,-0.627,-110.413,-82.703,-42.786
0.159,0.751,-0.597,-113.892,-88.440,-33.569
0.185,0.812,-0.511,-123.596,-97.961,-23.743
0.218,0.852,-0.500,-127.441,-93.994,-25.024
0.204,0.793,-0.626,-119.385,-90.576,-28.259
0.186,0.699,-0.730,-77.393,-115.479,-26.733
0.168,0.621,-0.722,-53.101,-137.878,-18.250
0.104,0.629,-0.458,-31.494,-152.954,-8.118
0.108,0.630,-0.394,-16.479,-153.687,-0.244
0.158,0.594,-0.459,10.864,-132.385,18.860
0.316,0.585,-0.557,2.075,-133.423,32.104
0.339,0.600,-0.422,-24.963,-143.738,42.664
0.429,0.699,-0.294,-80.688,-142.456,54.443
0.481,0.843,-0.244,-97.168,-130.554,47.485
0.311,0.830,-0.201,-85.876,-116.760,36.316
0.267,0.781,-0.293,-54.871,-101.440,28.870
0.262,0.737,-0.398,-26.672,-96.375,27.283
0.275,0.650,-0.258,-38.208,-105.835,32.654
0.288,0.633,-0.105,-51.880,-109.741,40.100
0.301,0.627,-0.035,-42.175,-92.712,50.659
0.298,0.598,-0.070,-21.484,-83.679,54.077
0.292,0.520,-0.095,-5.920,-80.383,60.181
0.318,0.535,-0.007,-1.465,-79.773,69.336
0.356,0.601,0.073,-7.263,-68.604,87.158
0.363,0.699,0.021,-8.118,-59.204,90.088
0.350,0.698,-0.036,-9.888,-52.979,90.515
0.330,0.696,-0.074,-16.296,-50.415,91.858
0.300,0.673,-0.106,-17.090,-50.049,94.238
0.256,0.594,-0.134,-13.794,-51.880,100.464
0.260,0.591,-0.075,-9.644,-56.152,110.107
0.276,0.661,-0.017,-7.812,-54.260,125.000
0.292,0.853,0.022,-5.127,-47.913,122.742
0.286,0.895,0.047,-2.808,-40.344,116.760
0.284,0.913,0.053,-1.282,-20.203,111.633
0.282,0.914,0.004,0.671,-13.367,112.244
0.240,0.880,-0.137,1.465,-11.658,112.732
0.209,0.861,-0.163,0.183,-12.573,113.525
0.197,0.885,-0.128,-8.728,-13.000,119.141
0.196,0.972,0.014,-11.780,-9.155,119.751
0.181,1.001,0.051,-12.329,-3.479,118.164
0.164,1.021,0.086,-9.460,8.606,111.938
0.138,1.029,0.106,-7.751,17.761,108.521
0.050,0.983,0.045,-6.165,27.893,106.445
0.013,0.977,0.001,-4.333,34.912,106.873
-0.013,0.992,-0.011,-0.488,36.865,110.718
-0.053,1.040,0.043,0.000,37.231,111.328
-0.062,1.073,0.066,0.488,40.100,110.596
-0.074,1.097,0.082,-0.488,50.842,104.126
-0.095,1.105,0.085,-0.977,56.763,99.915
-0.174,1.072,0.067,0.122,62.317,96.619
-0.222,1.056,0.017,2.319,67.871,94.543
-0.265,1.062,-0.062,3.601,75.378,91.553
-0.302,1.181,-0.191,0.854,73.975,88.928
-0.307,1.228,-0.221,-1.221,69.458,83.923
-0.314,1.221,-0.244,-8.545,59.448,68.970
-0.307,1.191,-0.254,-18.982,55.237,63.049
-0.301,1.118,-0.164,-30.945,52.124,57.556
-0.313,1.073,-0.104,-40.894,51.819,52.185
-0.328,1.044,-0.038,-54.016,60.547,43.152
-0.377,0.999,0.029,-52.795,70.129,38.818
-0.402,0.975,0.013,-45.166,80.261,35.400
-0.419,0.979,-0.002,-25.818,96.313,30.945
-0.431,1.020,-0.023,-18.372,104.675,27.222
-0.484,1.127,-0.186,-12.207,112.183,20.996
-0.523,1.151,-0.285,-8.789,116.089,13.000
-0.556,1.161,-0.354,-12.329,112.183,-3.113
-0.583,1.195,-0.393,-16.724,106.873,-10.437
-0.598,1.211,-0.371,-21.362,101.440,-18.311
-0.612,1.195,-0.371,-21.423,94.299,-34.729
-0.609,1.167,-0.382,-18.799,89.478,-40.771
-0.576,1.168,-0.354,-17.578,84.778,-46.204
-0.564,1.161,-0.346,-17.090,82.092,-51.941
-0.552,1.150,-0.348,-19.409,80.811,-62.866
-0.532,1.134,-0.405,-20.142,80.383,-68.909
-0.533,1.112,-0.471,-19.409,78.552,-75.256
-0.532,1.107,-0.536,-24.597,60.913,-89.600
-0.507,1.057,-0.482,-32.104,54.199,-94.666
-0.458,1.067,-0.484,-38.208,61.035,-91.248
-0.453,1.094,-0.564,-41.992,64.636,-89.111
-0.431,1.054,-0.567,-43.152,44.250,-96.252
-0.352,1.059,-0.520,-44.983,34.912,-99.365
-0.312,1.047,-0.505,-45.593,27.100,-105.041
-0.272,1.035,-0.480,-40.649,8.850,-116.516
-0.235,1.038,-0.427,-36.438,2.869,-121.826
-0.240,0.986,-0.406,-31.677,1.770,-127.747
-0.249,0.894,-0.432,-26.611,3.052,-132.263
-0.240,0.816,-0.474,-16.968,4.150,-125.916
-0.177,0.771,-0.587,-14.771,0.793,-119.019
-0.126,0.807,-0.592,-16.541,-6.226,-112.427
-0.076,0.882,-0.574,-26.489,-21.301,-105.164
-0.048,0.931,-0.559,-28.259,-26.245,-107.056
-0.043,0.870,-0.537,-28.137,-29.785,-108.521
-0.024,0.869,-0.502,-29.358,-32.288,-107.544
-0.005,0.893,-0.485,-28.015,-30.640,-106.873
-0.012,0.844,-0.528,-22.156,-30.151,-107.727
-0.005,0.799,-0.545,-15.991,-31.860,-105.896
0.029,0.783,-0.536,-11.169,-38.452,-96.130
0.069,0.795,-0.514,-10.193,-39.734,-92.773
0.104,0.791,-0.523,-9.155,-40.466,-90.637
0.104,0.759,-0.541,-8.789,-42.603,-88.196
0.104,0.727,-0.561,-11.963,-50.781,-78.186
0.144,0.733,-0.535,-16.541,-56.580,-72.083
0.169,0.758,-0.510,-20.081,-62.012,-67.871
0.204,0.732,-0.478,-22.949,-71.289,-70.679
0.196,0.701,-0.433,-21.545,-73.120,-69.946
0.217,0.580,-0.401,-19.348,-69.824,-76.843
0.221,0.396,-0.464,-15.381,-66.406,-77.148
0.227,0.473,-0.459,-17.822,-80.139,-24.292
0.285,0.731,-0.344,-17.151,-82.336,-15.991
0.291,0.700,-0.377,-13.123,-77.332,-20.508
0.297,0.676,-0.398,-15.442,-77.942,-19.775
0.305,0.677,-0.358,-16.724,-80.994,-15.137
0.303,0.678,-0.270,-13.000,-80.200,-12.207
0.293,0.637,-0.282,-6.775,-76.843,-12.085
0.287,0.576,-0.316,3.906,-74.402,-10.681
0.312,0.541,-0.326,5.920,-76.233,-4.761
0.321,0.565,-0.319,6.714,-77.698,3.113
0.330,0.602,-0.298,5.249,-80.566,17.273
0.337,0.634,-0.258,5.493,-81.665,21.545
0.323,0.607,-0.200,6.775,-81.299,24.658
0.315,0.567,-0.185,6.714,-80.261,28.259
0.309,0.532,-0.171,4.761,-79.468,40.771
0.292,0.512,-0.182,4.272,-80.078,49.500
0.278,0.524,-0.187,2.991,-82.031,58.716
0.269,0.557,-0.161,-4.395,-89.966,76.599
0.269,0.609,-0.103,-7.080,-93.201,83.557
0.288,0.752,0.067,-7.568,-93.628,87.585
0.285,0.763,0.143,-5.127,-89.905,88.135
0.273,0.739,0.191,2.258,-76.721,88.989
0.242,0.727,0.196,7.141,-70.923,91.553
0.224,0.729,0.169,12.207,-66.833,94.177
0.196,0.730,0.125,13.733,-64.331,99.915
0.161,0.729,0.104,7.507,-65.125,104.675
0.116,0.774,0.181,-0.793,-63.171,110.779
0.109,0.835,0.223,-8.667,-57.556,116.333
0.108,0.909,0.257,-23.071,-42.358,119.751
0.120,1.018,0.261,-27.466,-34.119,118.286
0.125,1.041,0.245,-28.137,-26.428,115.906
0.114,1.040,0.217,-23.865,-11.597,110.229
0.090,1.034,0.184,-23.193,-4.395,108.154
0.057,1.063,0.174,-24.048,3.601,106.567
0.047,1.082,0.161,-24.231,11.963,104.858
0.032,1.073,0.135,-20.264,23.682,100.586
0.003,1.026,0.101,-21.057,27.039,99.121
-0.010,1.034,0.099,-24.658,30.518,97.778
-0.031,1.047,0.099,-26.733,38.330,94.238
-0.054,1.067,0.100,-24.719,41.809,92.957
-0.082,1.137,0.088,-22.827,45.837,90.454
-0.091,1.146,0.084,-21.851,49.988,86.121
-0.094,1.146,0.099,-23.010,58.960,76.050
-0.119,1.135,0.039,-24.048,65.125,70.190
-0.134,1.122,-0.006,-27.100,67.688,64.331
-0.146,1.119,-0.004,-36.865,64.819,54.626
-0.157,1.121,-0.002,-40.405,66.711,49.622
-0.186,1.085,-0.028,-44.312,69.031,44.556
-0.220,1.069,-0.042,-48.889,71.411,40.161
-0.264,1.055,-0.070,-52.063,78.125,33.203
-0.313,1.079,-0.142,-50.354,81.116,30.945
-0.318,1.105,-0.170,-47.485,83.618,28.320
-0.324,1.113,-0.190,-39.307,87.891,20.386
-0.334,1.101,-0.216,-34.119,89.355,16.724
-0.360,1.065,-0.310,-29.175,89.478,13.916
-0.361,1.075,-0.341,-27.832,88.196,11.658
-0.351,1.114,-0.346,-35.889,83.679,3.479
-0.357,1.155,-0.322,-37.781,81.787,-3.906
-0.391,1.108,-0.340,-36.743,81.116,-11.658
-0.418,1.045,-0.391,-30.945,78.186,-18.982
-0.426,1.014,-0.433,-31.555,73.730,-19.226
-0.392,1.069,-0.406,-33.691,69.031,-20.447
-0.370,1.100,-0.362,-35.522,65.735,-24.109
-0.355,1.111,-0.335,-34.668,64.636,-35.889
-0.346,1.080,-0.323,-32.043,64.636,-41.687
-0.352,1.039,-0.320,-28.870,64.514,-46.021
-0.365,1.031,-0.388,-24.170,62.378,-49.072
-0.367,1.032,-0.419,-29.236,55.786,-53.406
-0.344,0.939,-0.379,-33.020,57.922,-54.932
-0.341,0.938,-0.497,-33.875,65.308,-51.514
-0.323,0.961,-0.547,-38.452,52.124,-44.617
-0.282,1.021,-0.445,-42.114,43.884,-46.936
-0.281,1.006,-0.435,-44.373,41.992,-52.917
-0.281,0.990,-0.453,-39.978,38.330,-59.753
-0.263,1.031,-0.475,-36.072,33.264,-61.279
-0.273,1.025,-0.482,-32.043,28.931,-65.308
-0.296,0.949,-0.527,-26.550,27.527,-70.251
-0.292,0.848,-0.582,-18.921,21.790,-67.749
-0.223,0.810,-0.554,-21.667,15.381,-62.134
-0.192,0.847,-0.517,-25.269,10.986,-58.716
-0.167,0.891,-0.481,-27.161,7.141,-59.998
-0.135,0.949,-0.467,-25.330,7.324,-62.317
-0.126,0.953,-0.492,-22.156,6.897,-64.758
-0.123,0.936,-0.507,-17.212,2.869,-67.505
-0.130,0.904,-0.530,-18.555,1.160,-66.223
-0.121,0.856,-0.542,-22.583,-0.732,-63.538
-0.110,0.865,-0.543,-26.123,-2.319,-60.669
-0.093,0.898,-0.528,-30.396,-8.179,-58.289
-0.050,0.998,-0.480,-31.311,-10.010,-59.387
-0.047,1.015,-0.485,-29.236,-10.864,-62.378
-0.054,0.994,-0.503,-16.052,-13.123,-68.909
-0.063,0.947,-0.541,-7.812,-14.893,-69.031
-0.058,0.862,-0.623,-3.845,-18.188,-67.078
-0.049,0.859,-0.654,-6.470,-22.705,-64.514
-0.022,0.859,-0.653,-26.672,-34.241,-68.726
0.000,0.932,-0.594,-34.851,-37.842,-71.167
0.047,0.849,-0.598,-37.415,-37.537,-81.055
0.053,0.688,-0.658,-33.264,-48.584,-72.388
0.045,0.701,-0.629,-32.715,-60.669,-52.856
0.060,0.766,-0.514,-29.785,-61.401,-45.959
0.056,0.699,-0.573,-25.818,-56.030,-47.363
0.065,0.673,-0.584,-21.667,-61.584,-39.490
0.101,0.740,-0.541,-19.714,-65.796,-33.752
0.104,0.737,-0.526,-17.273,-68.359,-31.372
0.105,0.698,-0.521,-16.663,-68.542,-32.288
0.106,0.646,-0.528,-19.348,-67.932,-30.396
0.144,0.680,-0.468,-22.217,-67.932,-25.146
0.158,0.735,-0.430,-21.545,-67.871,-19.165
0.162,0.747,-0.419,-6.409,-67.261,-16.235
0.163,0.624,-0.451,0.061,-68.665,-17.822
0.168,0.580,-0.455,3.906,-70.557,-16.663
0.176,0.590,-0.474,6.348,-71.167,-8.606
0.188,0.616,-0.492,5.737,-73.547,-6.470
0.208,0.647,-0.423,4.395,-76.355,-4.150
0.219,0.674,-0.374,3.296,-77.209,-0.610
0.231,0.693,-0.333,8.118,-75.867,4.456
0.248,0.653,-0.255,13.428,-73.853,5.676
0.250,0.627,-0.272,18.738,-68.726,7.629
0.248,0.614,-0.314,23.132,-60.974,14.771
0.242,0.617,-0.360,23.132,-61.401,18.494
0.242,0.640,-0.404,21.606,-63.843,21.851
0.255,0.674,-0.378,16.296,-67.078,25.330
0.270,0.708,-0.318,3.418,-73.181,30.945
0.286,0.703,-0.205,2.930,-73.975,32.898
0.286,0.671,-0.172,6.470,-73.120,35.034
0.283,0.638,-0.155,14.709,-67.444,41.565
0.277,0.606,-0.150,16.602,-64.758,46.387
0.254,0.532,-0.153,16.785,-63.232,52.795
0.250,0.526,-0.132,14.343,-62.927,60.791
0.248,0.549,-0.104,6.409,-62.256,76.599
0.264,0.713,0.040,2.991,-61.035,82.642
0.278,0.809,0.116,3.296,-56.335,85.327
0.280,0.850,0.151,14.893,-36.438,79.163
0.269,0.853,0.135,18.799,-25.513,74.585
0.218,0.844,-0.033,19.775,-17.334,70.862
0.196,0.838,-0.101,17.456,-14.832,68.542
0.186,0.853,-0.105,2.563,-21.362,68.115
0.174,0.884,-0.010,-4.578,-22.888,67.017
0.168,0.879,0.037,-8.606,-21.362,65.979
0.168,0.894,0.065,-9.033,-12.878,67.993
0.165,0.920,0.077,-6.897,-7.935,68.726
0.132,0.922,0.072,-3.601,-2.808,69.519
0.119,0.929,0.058,-0.366,2.747,71.289
0.107,0.945,0.039,0.793,14.160,74.829
0.088,0.999,-0.016,-1.160,18.494,75.806
0.074,1.030,-0.052,-2.136,21.118,76.233
0.053,1.039,-0.081,-2.869,20.691,75.439
0.033,1.033,-0.087,-6.042,20.508,75.439
0.025,1.022,-0.080,-10.559,21.484,75.500
0.019,1.016,-0.067,-16.235,22.522,75.134
0.005,1.004,-0.051,-26.794,24.780,75.134
-0.029,0.984,-0.030,-29.175,26.978,76.233
-0.042,0.993,-0.017,-28.748,29.785,77.881
-0.057,1.010,0.000,-24.536,39.124,78.918
-0.079,1.031,-0.000,-22.339,46.570,77.881
-0.132,1.076,-0.124,-19.897,53.101,76.172
-0.151,1.065,-0.206,-18.860,56.030,74.219
-0.154,1.059,-0.247,-28.320,51.208,72.876
-0.161,1.067,-0.222,-34.607,47.729,71.167
-0.174,1.073,-0.175,-40.222,46.082,68.237
-0.189,1.085,-0.140,-44.434,50.781,60.059
-0.200,1.085,-0.119,-42.725,54.626,54.810
-0.229,1.032,-0.101,-41.748,58.350,49.805
-0.264,0.990,-0.114,-41.077,61.768,45.837
-0.310,0.950,-0.137,-39.063,70.129,41.992
-0.365,0.928,-0.237,-37.964,74.097,42.175
-0.377,0.938,-0.270,-37.659,75.623,42.664
-0.389,0.964,-0.277,-40.894,75.256,41.992
-0.402,1.007,-0.276,-42.969,76.172,39.490
-0.431,1.101,-0.277,-44.617,77.942,34.973
-0.444,1.113,-0.290,-44.128,80.322,28.748
-0.457,1.105,-0.328,-38.147,86.182,15.076
-0.499,1.071,-0.483,-36.255,87.036,9.338
-0.502,1.057,-0.545,-36.865,83.862,4.883
-0.500,1.065,-0.568,-47.241,71.289,-3.052
-0.505,1.084,-0.568,-52.734,65.796,-8.728
-0.521,1.138,-0.530,-56.335,61.218,-14.709
-0.528,1.172,-0.535,-57.251,57.739,-21.362
-0.517,1.158,-0.492,-58.533,48.523,-40.100
-0.514,1.086,-0.495,-56.763,53.223,-46.875
-0.534,1.057,-0.555,-54.687,56.824,-52.185
-0.553,1.048,-0.565,-51.819,49.866,-61.829
-0.565,1.051,-0.564,-47.852,49.805,-67.810
-0.565,1.034,-0.651,-42.114,50.842,-72.632
-0.536,1.049,-0.661,-37.170,47.913,-75.562
-0.499,1.073,-0.629,-34.119,37.842,-84.229
-0.461,1.035,-0.627,-32.593,34.912,-91.492
-0.457,0.984,-0.645,-31.311,30.579,-97.839
-0.451,0.920,-0.675,-27.222,20.691,-103.760
-0.430,0.857,-0.688,-27.954,15.381,-103.760
-0.372,0.836,-0.689,-31.189,9.705,-102.844
-0.338,0.843,-0.663,-33.386,3.174,-102.600
-0.308,0.845,-0.636,-31.372,-7.507,-103.455
-0.249,0.863,-0.595,-30.884,-10.498,-105.530
-0.222,0.877,-0.586,-33.020,-11.719,-109.131
-0.210,0.876,-0.613,-37.720,-14.099,-119.202
-0.210,0.849,-0.651,-38.940,-18.372,-123.230
-0.255,0.734,-0.712,-37.170,-22.095,-124.695
-0.247,0.664,-0.746,-31.982,-23.682,-122.803
-0.209,0.639,-0.767,-28.381,-30.396,-110.046
-0.122,0.729,-0.711,-32.593,-37.048,-105.225
-0.069,0.761,-0.655,-36.499,-43.030,-106.140
-0.042,0.791,-0.617,-31.433,-45.654,-114.563
-0.047,0.869,-0.617,-26.794,-42.786,-134.094
-0.014,0.458,-0.737,-20.935,-42.236,-149.292
-0.043,0.434,-0.784,-16.541,-48.523,-131.897
-0.030,0.530,-0.758,-17.029,-67.749,-83.984
0.040,0.585,-0.681,-15.137,-69.580,-78.857
0.085,0.584,-0.670,-17.883,-70.740,-76.660
0.115,0.603,-0.617,-30.029,-79.651,-65.796
0.128,0.609,-0.567,-28.931,-78.796,-62.073
0.126,0.539,-0.585,-26.733,-76.721,-59.875
0.137,0.485,-0.596,-26.428,-75.562,-58.105
0.154,0.424,-0.607,-22.705,-73.059,-43.762
0.177,0.412,-0.631,-17.395,-73.303,-28.259
0.192,0.462,-0.612,-12.817,-75.989,-12.390
0.218,0.526,-0.569,-9.399,-82.520,4.272
0.245,0.583,-0.520,-6.836,-82.214,4.517
0.286,0.625,-0.468,-1.038,-80.139,2.991
0.297,0.604,-0.443,6.836,-78.247,3.235
0.305,0.601,-0.455,18.311,-73.669,9.583
0.303,0.593,-0.483,19.165,-74.463,12.695
0.300,0.592,-0.468,17.517,-75.989,16.846
0.296,0.595,-0.455,9.888,-78.125,27.588
0.288,0.592,-0.436,5.615,-79.712,33.081
0.276,0.564,-0.384,0.671,-80.566,38.452
0.282,0.565,-0.363,-5.615,-80.261,44.434
0.297,0.601,-0.305,-15.869,-81.726,57.434
0.312,0.660,-0.141,-13.184,-79.712,61.096
0.305,0.667,-0.113,-6.348,-73.547,63.904
0.294,0.674,-0.131,6.470,-58.716,70.801
0.278,0.680,-0.174,8.789,-54.993,74.219
0.258,0.684,-0.214,9.216,-54.260,77.148
0.256,0.679,-0.208,7.874,-54.932,79.529
0.261,0.677,-0.176,-0.488,-57.190,84.106
0.252,0.665,-0.081,-3.052,-56.641,87.036
0.246,0.642,-0.046,-1.770,-54.626,91.553
0.254,0.667,-0.011,-0.427,-45.959,102.722
0.262,0.742,0.029,-1.648,-38.452,103.638
0.242,0.858,0.059,0.122,-28.809,101.807
0.231,0.892,-0.007,5.066,-18.433,99.731
0.232,0.925,-0.095,12.634,-6.897,95.215
0.245,0.993,-0.117,8.545,-6.653,91.370
0.244,1.010,-0.054,1.282,-6.592,86.731
0.242,1.017,0.013,-4.456,0.793,77.820
0.239,1.044,0.056,-2.441,9.216,72.754
0.206,1.110,0.056,1.709,19.775,66.223
0.173,1.085,-0.017,8.423,30.884,59.265
0.135,1.029,-0.134,20.508,43.640,52.002
0.096,0.979,-0.292,19.165,42.542,53.101
0.090,1.019,-0.296,12.817,39.551,55.237
0.089,1.076,-0.252,-1.282,33.936,54.626
0.091,1.134,-0.172,-4.028,33.752,50.171
0.060,1.110,-0.021,-3.723,37.842,44.250
0.037,1.049,-0.004,-1.953,45.471,40.161
0.016,0.996,-0.012,1.831,61.890,41.809
-0.006,0.977,-0.053,3.296,69.519,45.105
-0.011,1.003,-0.095,4.456,76.416,47.241
-0.018,1.035,-0.136,-0.671,84.045,45.227
-0.029,1.072,-0.180,-6.409,85.144,41.687
-0.059,1.154,-0.252,-12.695,84.412,36.926
-0.089,1.164,-0.261,-17.822,82.886,30.945
-0.120,1.124,-0.265,-20.996,82.214,19.165
-0.161,1.027,-0.323,-21.606,82.703,16.846
-0.171,1.034,-0.373,-23.132,81.970,15.869
-0.180,1.078,-0.430,-29.358,75.195,10.193
-0.189,1.128,-0.481,-32.227,70.007,4.272
-0.188,1.118,-0.456,-34.546,65.063,-1.831
-0.187,1.102,-0.414,-36.316,61.707,-7.141
-0.186,1.088,-0.389,-33.936,62.378,-16.418
-0.178,1.074,-0.445,-29.358,63.477,-20.813
-0.181,1.060,-0.470,-25.757,62.561,-25.146
-0.197,1.029,-0.483,-22.644,60.059,-31.250
-0.219,0.963,-0.510,-21.667,60.303,-31.494
-0.214,0.971,-0.529,-20.508,60.425,-30.579
-0.203,1.012,-0.573,-16.357,57.556,-32.532
-0.192,1.063,-0.630,-16.602,53.345,-37.109
-0.197,1.125,-0.700,-19.958,47.424,-43.274
-0.209,1.129,-0.714,-24.231,40.833,-50.232
-0.220,1.103,-0.719,-26.306,28.992,-63.843
-0.208,0.997,-0.730,-27.832,24.109,-67.749
-0.189,0.963,-0.727,-30.823,19.104,-69.519
-0.167,0.932,-0.707,-31.799,7.568,-71.472
-0.152,0.899,-0.686,-29.419,2.930,-71.350
-0.138,0.875,-0.683,-27.100,-0.671,-70.862
-0.122,0.866,-0.662,-25.452,-4.700,-72.266
-0.118,0.859,-0.633,-23.437,-10.376,-75.317
-0.089,0.837,-0.639,-21.423,-11.414,-81.482
-0.084,0.713,-0.679,-17.639,-13.306,-87.769
-0.079,0.712,-0.695,-18.311,-25.879,-71.289
-0.065,0.750,-0.671,-19.958,-29.846,-68.115
-0.049,0.679,-0.691,-20.142,-31.311,-67.627
-0.041,0.644,-0.706,-19.653,-34.912,-64.514
-0.021,0.641,-0.694,-19.226,-46.631,-50.903
0.018,0.714,-0.648,-17.700,-49.805,-46.204
0.031,0.705,-0.661,-14.221,-51.208,-45.654
0.042,0.675,-0.671,-7.324,-56.152,-45.410
0.055,0.637,-0.665,-5.005,-58.533,-42.297
0.089,0.578,-0.633,-4.272,-60.120,-36.682
0.111,0.598,-0.610,-5.798,-61.096,-28.931
0.125,0.627,-0.597,-8.667,-62.500,-17.090
0.129,0.626,-0.578,-6.165,-64.026,-14.771
0.126,0.615,-0.591,-1.099,-65.369,-12.878
0.132,0.633,-0.599,6.958,-69.092,-6.714
0.148,0.672,-0.569,7.874,-71.594,-4.700
0.170,0.685,-0.450,9.033,-71.899,-3.479
0.172,0.648,-0.430,11.719,-69.824,-1.709
0.169,0.591,-0.437,16.418,-66.040,6.897
0.163,0.486,-0.430,16.602,-66.589,15.747
0.168,0.477,-0.363,15.076,-68.298,26.978
0.174,0.477,-0.276,11.780,-66.956,47.668
0.183,0.497,-0.211,12.451,-63.477,56.213
0.186,0.551,-0.176,14.465,-59.570,63.232
0.177,0.583,-0.178,14.832,-55.847,69.824
0.164,0.632,-0.184,9.583,-48.340,82.214
0.154,0.713,-0.195,8.118,-45.532,86.426
0.168,0.753,-0.184,8.545,-43.762,89.416
0.187,0.800,-0.161,12.573,-38.818,89.111
0.200,0.838,-0.121,14.282,-34.424,85.754
0.205,0.840,-0.060,16.052,-28.503,82.031
0.191,0.806,-0.063,16.968,-22.217,78.735
0.170,0.768,-0.070,9.460,-13.977,77.087
0.130,0.765,-0.027,3.174,-11.597,78.979
0.117,0.768,0.011,-0.916,-8.484,81.421
0.122,0.803,0.036,-0.793,2.747,86.853
0.135,0.865,0.049,1.892,10.376,86.853
0.111,0.938,-0.015,5.493,19.287,84.717
0.070,0.927,-0.103,8.484,27.649,82.214
0.028,0.906,-0.192,3.662,34.241,81.665
-0.024,0.953,-0.233,-3.357,31.799,83.435
-0.031,1.029,-0.187,-10.376,28.381,84.229
-0.036,1.101,-0.146,-21.667,27.039,77.881
-0.043,1.138,-0.120,-26.306,28.870,72.205
-0.065,1.134,-0.090,-28.809,32.349,66.284
-0.082,1.110,-0.086,-27.893,36.987,60.608
-0.099,1.083,-0.087,-19.592,47.668,52.307
-0.149,1.039,-0.097,-17.151,53.345,50.171
-0.174,1.047,-0.122,-17.517,59.631,49.133
-0.196,1.083,-0.154,-24.963,71.289,45.776
-0.219,1.143,-0.182,-28.442,75.500,41.321
-0.264,1.238,-0.236,-30.151,79.102,34.607
-0.284,1.236,-0.298,-30.457,82.153,26.794
-0.298,1.212,-0.367,-33.325,81.543,13.245
-0.316,1.214,-0.456,-37.354,78.003,7.751
-0.326,1.241,-0.478,-41.504,73.547,1.099
-0.343,1.243,-0.494,-45.471,64.636,-16.113
-0.357,1.216,-0.514,-44.250,60.913,-24.170
-0.368,1.153,-0.554,-42.603,58.105,-30.823
-0.361,1.137,-0.575,-40.894,55.969,-36.621
-0.345,1.137,-0.588,-36.865,50.781,-48.218
-0.318,1.102,-0.627,-34.546,48.889,-55.420
-0.305,1.093,-0.661,-34.058,46.570,-62.378
-0.294,1.122,-0.672,-38.330,38.330,-77.332
-0.302,1.153,-0.681,-39.612,36.377,-88.440
-0.396,1.007,-0.812,-38.025,35.278,-99.121
-0.408,0.863,-0.892,-34.607,31.372,-103.455
-0.376,0.773,-0.937,-28.137,11.780,-91.187
-0.263,0.797,-0.855,-28.259,0.244,-83.679
-0.212,0.868,-0.779,-29.541,-8.057,-79.773
-0.172,0.927,-0.723,-26.001,-14.893,-84.900
-0.141,0.964,-0.685,-22.461,-15.869,-91.919
-0.163,0.829,-0.702,-18.860,-15.442,-99.548
-0.187,0.673,-0.770,-16.541,-14.954,-102.905
-0.186,0.561,-0.824,-20.386,-24.658,-87.280
-0.119,0.578,-0.772,-24.597,-32.715,-74.524
-0.072,0.686,-0.698,-27.466,-39.856,-64.270
-0.016,0.777,-0.602,-23.376,-46.875,-62.622
0.014,0.784,-0.521,-16.357,-43.335,-64.453
0.001,0.722,-0.536,-7.263,-37.781,-71.167
0.002,0.504,-0.572,2.991,-33.447,-81.116
0.001,0.402,-0.619,7.446,-32.288,-56.274
0.017,0.445,-0.708,4.333,-36.072,-40.894
0.029,0.431,-0.721,1.160,-42.297,-30.457
0.059,0.489,-0.677,-13.794,-57.556,-9.399
0.092,0.592,-0.578,-17.944,-61.646,-4.761
0.127,0.715,-0.383,-14.282,-60.974,-4.456
0.120,0.720,-0.368,-5.432,-55.664,-6.348
0.106,0.688,-0.421,14.954,-41.626,-10.620
0.102,0.669,-0.554,20.325,-38.879,-9.094
0.111,0.697,-0.617,22.095,-38.574,-6.775
0.128,0.732,-0.635,17.395,-47.058,-3.662
0.146,0.766,-0.600,13.367,-51.941,-3.662
0.170,0.766,-0.471,10.254,-54.260,-4.822
0.178,0.738,-0.400,8.301,-53.955,-5.859
0.181,0.699,-0.340,9.155,-46.082,-3.784
0.180,0.653,-0.285,11.169,-40.161,0.000
0.183,0.684,-0.286,13.855,-35.339,5.249
0.188,0.734,-0.287,19.348,-30.212,12.512
0.196,0.786,-0.279,18.555,-28.381,13.367
0.212,0.828,-0.236,17.761,-26.794,13.062
0.217,0.811,-0.204,18.005,-24.475,12.207
0.219,0.798,-0.202,18.372,-15.564,13.184
0.231,0.850,-0.240,18.127,-12.146,14.160
0.231,0.873,-0.278,18.433,-9.277,13.428
0.231,0.869,-0.330,18.494,-7.629,10.071
0.235,0.852,-0.357,15.686,-9.705,10.376
0.261,0.827,-0.339,12.268,-10.681,11.719
0.272,0.838,-0.346,9.583,-9.827,13.367
0.278,0.860,-0.363,11.475,-8.728,15.015
0.287,0.899,-0.357,13.306,-9.155,14.587
0.291,0.907,-0.355,12.756,-8.545,13.428
0.288,0.900,-0.359,4.944,-7.446,10.620
0.284,0.892,-0.357,2.686,-7.019,9.949
0.273,0.884,-0.350,2.014,-5.554,9.277
0.264,0.885,-0.355,2.136,-3.845,9.033
0.253,0.894,-0.349,8.179,-2.502,10.315
0.229,0.919,-0.348,11.780,-1.282,10.925
0.226,0.943,-0.349,13.672,0.000,11.414
0.226,0.973,-0.348,13.733,1.709,10.071
0.220,0.990,-0.350,13.611,2.502,7.812
0.202,1.011,-0.392,12.146,2.808,5.432
0.198,1.032,-0.411,9.094,2.014,2.991
0.194,1.040,-0.417,0.916,-1.892,-3.235
0.188,0.992,-0.395,-2.380,-3.906,-5.981
0.190,0.954,-0.368,-4.639,-5.615,-7.629
0.189,0.919,-0.354,-5.737,-4.089,-8.057
0.187,0.887,-0.364,-5.249,-2.197,-7.324
0.185,0.862,-0.404,-5.737,-1.526,-5.981
0.185,0.870,-0.402,-7.568,-2.258,-4.395
0.187,0.886,-0.394,-7.690,-3.662,-2.502
0.183,0.876,-0.403,-4.211,-3.418,-2.869
0.173,0.856,-0.430,-1.709,-2.930,-2.930
0.165,0.835,-0.478,-2.014,-3.540,-1.160
0.165,0.820,-0.517,-7.874,-7.324,0.977
0.182,0.840,-0.502,-14.709,-12.085,3.052
0.190,0.857,-0.469,-18.127,-15.625,3.601
0.194,0.867,-0.451,-13.550,-17.761,0.854
0.185,0.808,-0.495,-9.277,-18.066,-0.854
0.171,0.743,-0.544,-8.240,-19.165,-0.854
0.163,0.688,-0.588,-20.752,-27.100,7.812
0.169,0.668,-0.584,-29.480,-33.875,14.709
0.187,0.672,-0.432,-34.363,-38.330,20.691
0.180,0.638,-0.375,-33.875,-38.208,25.513
0.154,0.563,-0.360,-21.240,-31.006,38.086
0.048,0.296,-0.500,-14.038,-28.809,49.622
-0.018,0.116,-0.632,-10.620,-32.410,66.467
-0.060,0.006,-0.697,-30.029,-65.186,121.399
-0.067,0.092,-0.612,-42.114,-82.947,151.184
0.023,0.664,-0.136,-43.457,-89.905,168.640
0.070,0.856,0.065,-33.997,-82.947,169.434
0.089,0.928,0.145,-3.113,-41.809,148.376
0.012,0.901,-0.059,9.338,-22.400,137.512
-0.038,0.831,-0.196,18.982,-14.038,127.686
-0.077,0.762,-0.253,21.484,-18.555,122.437
-0.111,0.741,-0.286,14.954,-19.165,125.305
-0.121,0.835,-0.259,2.991,-20.325,127.075
-0.120,0.898,-0.202,-10.925,-20.203,127.441
-0.131,0.931,-0.156,-27.405,-11.963,125.854
-0.144,0.952,-0.028,-33.630,-4.578,127.319
-0.162,0.970,0.030,-38.025,5.798,128.784
-0.196,0.968,0.069,-40.588,31.067,125.244
-0.239,0.939,0.087,-40.039,44.800,123.291
-0.321,0.896,-0.012,-38.513,57.861,122.559
-0.345,0.913,-0.126,-35.950,67.017,121.704
-0.363,0.944,-0.213,-42.725,71.716,114.197
-0.395,1.019,-0.234,-53.589,72.998,107.971
-0.412,1.040,-0.174,-65.552,76.660,100.769
-0.427,1.065,-0.100,-83.740,95.459,84.839
-0.454,1.130,0.007,-86.487,109.619,74.097
-0.481,1.150,-0.041,-82.092,124.329,60.974
-0.531,1.149,-0.171,-70.862,136.963,46.265
-0.589,1.111,-0.362,-50.049,152.344,16.174
-0.665,0.985,-0.807,-48.706,150.085,4.639
-0.684,0.941,-0.887,-56.763,137.268,-3.479
-0.682,0.960,-0.834,-86.548,99.365,-12.878
-0.669,1.059,-0.518,-94.788,87.280,-20.508
-0.670,1.109,-0.378,-96.985,84.656,-31.250
-0.684,1.153,-0.320,-87.463,99.243,-59.143
-0.704,1.182,-0.342,-78.613,109.131,-73.792
-0.767,1.139,-0.601,-66.467,117.615,-87.341
-0.805,1.026,-0.787,-52.002,121.094,-98.511
-0.815,0.891,-0.924,-43.030,104.004,-104.797
-0.756,0.810,-0.952,-53.040,89.844,-100.830
-0.720,0.854,-0.909,-63.782,77.515,-98.450
-0.684,0.872,-0.812,-79.590,51.270,-107.666
-0.657,0.881,-0.713,-79.407,46.753,-112.976
-0.630,0.954,-0.686,-77.148,44.861,-117.737
-0.637,0.949,-0.629,-71.350,42.358,-122.498
-0.669,0.906,-0.623,-44.128,49.255,-128.479
-0.705,0.726,-0.792,-33.081,51.880,-128.967
-0.686,0.650,-0.883,-26.245,48.828,-125.305
-0.656,0.618,-0.938,-27.527,26.306,-109.314
-0.607,0.635,-0.930,-36.560,12.085,-101.929
-0.486,0.802,-0.819,-47.485,0.916,-97.961
-0.444,0.864,-0.745,-54.199,-7.751,-99.243
-0.423,0.881,-0.668,-49.622,-16.968,-109.680
-0.421,0.764,-0.602,-42.114,-15.442,-114.502
-0.418,0.653,-0.637,-32.959,-12.024,-116.394
-0.402,0.572,-0.683,-29.968,-12.207,-108.215
-0.374,0.543,-0.726,-35.889,-16.785,-101.318
-0.300,0.609,-0.737,-40.100,-22.400,-95.276
-0.261,0.666,-0.726,-41.565,-27.283,-91.858
-0.237,0.708,-0.724,-36.316,-32.104,-94.116
-0.238,0.679,-0.794,-28.687,-33.203,-96.741
-0.226,0.634,-0.802,-20.508,-36.255,-96.985
-0.202,0.598,-0.794,-10.681,-41.077,-90.149
-0.182,0.564,-0.819,-8.545,-41.565,-85.266
-0.138,0.539,-0.922,-7.996,-45.166,-79.651
-0.111,0.574,-0.919,-10.254,-52.124,-74.036
-0.086,0.627,-0.895,-20.264,-64.819,-70.251
-0.069,0.691,-0.864,-22.827,-69.458,-72.205
-0.078,0.665,-0.848,-21.667,-73.914,-74.463
-0.082,0.605,-0.826,-8.728,-80.017,-72.571
-0.082,0.538,-0.825,-5.127,-81.909,-67.810
-0.051,0.461,-0.788,-4.272,-82.764,-59.998
-0.038,0.522,-0.789,-5.249,-82.642,-49.744
0.006,0.547,-0.746,-1.953,-83.923,-48.340
0.030,0.549,-0.767,-4.028,-86.365,-42.664
0.052,0.638,-0.691,-8.667,-93.750,-33.875
0.059,0.605,-0.668,-0.916,-93.994,-35.461
0.056,0.523,-0.708,-0.977,-95.276,-32.532
0.076,0.495,-0.653,-3.418,-99.426,-25.757
0.089,0.497,-0.630,-4.456,-101.318,-19.409
0.096,0.479,-0.638,-4.395,-101.379,-9.460
0.121,0.447,-0.600,-5.554,-103.577,-3.357
0.137,0.464,-0.560,-6.836,-104.492,3.052
0.152,0.505,-0.521,-4.456,-101.196,13.306
0.165,0.551,-0.478,-0.977,-98.083,15.869
0.190,0.563,-0.420,3.235,-94.421,17.151
0.199,0.531,-0.396,7.202,-91.248,18.921
0.203,0.497,-0.377,11.963,-85.266,26.245
0.218,0.487,-0.379,11.353,-82.153,31.982
0.233,0.535,-0.355,8.789,-80.688,38.391
0.248,0.591,-0.302,6.470,-77.209,46.021
0.255,0.619,-0.259,9.338,-72.144,47.241
0.252,0.584,-0.243,12.878,-66.895,49.561
0.245,0.551,-0.225,15.686,-62.561,54.138
0.241,0.535,-0.235,16.235,-54.260,68.787
0.230,0.549,-0.297,15.076,-52.673,76.782
0.216,0.552,-0.289,12.329,-52.734,84.656
0.205,0.568,-0.259,-0.916,-52.246,100.891
0.196,0.596,-0.218,-4.822,-51.941,108.215
0.188,0.692,-0.089,-5.310,-50.598,114.502
0.178,0.715,-0.060,-2.441,-46.143,119.019
0.160,0.701,-0.068,4.028,-31.555,127.319
0.107,0.653,-0.168,2.380,-25.940,133.179
0.081,0.662,-0.205,-1.465,-23.560,140.320
0.063,0.696,-0.198,-6.836,-23.682,154.175
0.056,0.754,-0.160,-9.033,-21.240,158.142
0.041,0.906,-0.076,-10.132,-15.991,158.936
0.034,0.974,-0.048,-10.193,-8.667,157.349
0.026,1.056,-0.045,-14.099,8.850,148.193
-0.016,1.082,-0.123,-13.245,17.090,139.526
-0.044,1.013,-0.161,-12.085,23.499,130.859
-0.059,0.961,-0.180,-15.625,33.386,121.521
-0.076,0.930,-0.204,-18.860,36.987,118.652
-0.100,0.933,-0.227,-24.719,39.307,115.723
-0.121,1.001,-0.222,-32.104,41.016,114.807
-0.150,1.059,-0.192,-39.307,48.706,105.713
-0.224,1.019,-0.296,-39.978,57.373,97.839
-0.251,1.024,-0.354,-41.565,62.622,93.079
-0.276,1.018,-0.386,-46.448,66.040,83.496
-0.310,0.984,-0.421,-50.110,65.735,79.407
-0.367,1.004,-0.360,-55.115,63.721,76.111
-0.393,1.015,-0.314,-57.312,64.636,70.618
-0.416,0.997,-0.297,-53.101,74.402,59.082
-0.432,0.997,-0.324,-49.194,79.773,55.054
-0.433,1.003,-0.358,-44.800,84.351,50.110
-0.444,0.995,-0.386,-43.091,88.745,38.330
-0.468,0.952,-0.412,-45.959,90.088,33.813
-0.490,0.885,-0.450,-49.377,90.515,31.372
-0.487,0.924,-0.416,-52.734,89.966,29.175
-0.496,0.982,-0.370,-53.833,94.238,16.724
-0.556,1.011,-0.402,-49.377,99.365,6.897
-0.586,0.970,-0.474,-43.945,103.638,-2.319
-0.596,0.927,-0.533,-39.429,103.882,-13.000
-0.597,0.905,-0.558,-38.879,101.746,-16.724
-0.612,0.852,-0.657,-37.659,99.426,-20.752
-0.623,0.833,-0.723,-38.086,95.093,-23.926
-0.638,0.843,-0.763,-48.340,80.505,-28.992
-0.645,0.884,-0.758,-53.650,72.083,-32.410
-0.632,0.914,-0.710,-57.556,64.575,-35.950
-0.616,0.946,-0.661,-58.655,57.556,-46.875
-0.604,0.963,-0.623,-58.167,55.481,-54.443
-0.591,0.972,-0.576,-56.763,54.932,-62.805
-0.610,0.930,-0.644,-53.406,56.946,-71.533
-0.632,0.840,-0.723,-47.913,53.894,-81.177
-0.614,0.720,-0.789,-48.950,48.157,-79.224
-0.587,0.738,-0.751,-51.575,41.809,-76.843
-0.567,0.787,-0.702,-53.894,33.997,-79.712
-0.551,0.841,-0.684,-49.438,31.677,-84.778
-0.544,0.892,-0.715,-43.091,28.870,-91.125
-0.552,0.836,-0.743,-37.292,26.245,-97.900
-0.548,0.758,-0.775,-33.386,20.996,-103.027
-1.659,1.072,-1.753,-17.944,309.998,38.818
-2.474,-0.057,-3.472,-57.190,328.552,5.798
-2.992,-0.854,-4.000,107.483,-7.385,126.221
-3.224,-0.573,-3.770,79.407,-371.155,249.329
-3.167,0.331,-2.600,-111.511,-656.311,381.042
-2.917,2.005,-0.991,-545.776,-718.872,589.844
-2.358,3.555,0.702,-557.556,-648.682,555.542
-0.818,4.000,3.073,-441.101,-595.337,440.186
-0.192,3.719,3.749,-288.940,-545.959,304.321
0.231,3.303,4.000,-7.996,-322.510,61.951
0.287,2.269,3.146,152.832,-135.071,-44.067
0.087,1.760,1.910,310.181,33.569,-121.643
-0.092,1.327,0.818,402.161,157.227,-162.659
-0.171,1.005,0.084,323.425,148.804,-135.620
-0.049,0.780,-0.370,224.365,128.174,-88.074
-0.058,1.046,-0.502,145.020,113.831,-31.555
-0.121,1.383,-0.732,44.678,79.224,10.925
-0.189,1.537,-0.796,10.132,48.340,-16.418
-0.171,1.376,-0.706,-21.729,23.865,-55.603
-0.158,1.177,-0.656,-29.175,8.362,-106.262
-0.173,1.034,-0.648,-8.484,10.681,-110.107
-0.138,0.745,-0.503,1.465,20.325,-105.041
-0.127,0.629,-0.541,-7.324,38.879,-90.454
-0.121,0.633,-0.706,-75.684,47.302,-53.406
-0.126,0.695,-0.693,-111.206,28.198,-42.603
-0.129,0.712,-0.681,-129.944,17.334,-33.630
-0.126,0.740,-0.739,-104.309,15.747,-18.982
-0.118,0.725,-0.736,-70.068,13.000,-13.855
-0.139,0.712,-0.648,-48.279,13.916,-4.700
-0.156,0.808,-0.695,-48.645,16.724,4.700
-0.162,0.868,-0.737,-63.293,-0.305,-1.709
-0.165,0.742,-0.616,-61.462,-16.296,-9.399
-0.136,0.681,-0.544,-56.030,-25.269,-12.207
-0.110,0.641,-0.436,-30.823,-19.592,-3.357
-0.107,0.700,-0.332,-20.142,-3.784,0.366
-0.123,0.856,-0.569,-14.221,9.521,-4.517
-0.136,0.863,-0.748,-15.198,2.563,-8.606
-0.133,0.920,-0.727,-26.917,-48.950,-12.146
-0.096,0.802,-0.516,-28.442,-54.749,-22.522
-0.085,0.650,-0.539,-31.372,-48.157,-28.015
-0.084,0.607,-0.573,-53.406,-44.495,-7.446
-0.083,0.676,-0.564,-56.946,-47.424,1.160
-0.063,0.813,-0.615,-51.880,-50.476,1.038
-0.049,0.799,-0.656,-43.335,-56.030,-5.005
-0.043,0.739,-0.674,-19.897,-68.787,-14.038
-0.044,0.663,-0.728,-11.353,-73.181,-11.475
-0.035,0.695,-0.716,-9.033,-78.369,-6.409
-0.021,0.709,-0.674,-13.062,-84.229,-2.869
-0.005,0.678,-0.645,-15.503,-83.496,-1.404
0.028,0.687,-0.602,-15.259,-82.031,2.747
0.044,0.735,-0.572,-12.146,-81.421,6.409
0.065,0.766,-0.536,-4.028,-81.543,6.226
0.075,0.735,-0.550,0.061,-78.064,4.578
0.065,0.705,-0.603,2.686,-74.707,4.456
0.056,0.698,-0.628,5.371,-77.332,9.766
0.054,0.727,-0.645,5.066,-78.979,12.573
0.092,0.807,-0.666,3.967,-81.543,13.672
0.111,0.817,-0.606,3.906,-84.534,13.855
0.120,0.799,-0.545,6.592,-81.299,13.794
0.125,0.691,-0.507,6.226,-77.637,15.076
0.134,0.675,-0.502,3.906,-75.012,18.372
0.139,0.676,-0.482,3.601,-74.402,25.085
0.136,0.687,-0.464,7.812,-74.158,27.466
0.137,0.739,-0.477,11.169,-74.402,28.931
0.142,0.731,-0.444,13.184,-77.026,29.053
0.149,0.709,-0.357,16.479,-80.688,31.616
0.156,0.703,-0.319,13.062,-73.975,33.569
0.141,0.674,-0.392,6.714,-66.101,34.729
0.122,0.637,-0.464,-6.104,-62.317,41.931
0.120,0.653,-0.472,-7.568,-66.162,48.889
0.138,0.720,-0.396,-5.249,-70.374,54.871
0.157,0.793,-0.292,-0.610,-71.411,57.007
0.167,0.827,-0.225,11.230,-57.434,49.988
0.145,0.704,-0.228,16.724,-48.706,46.570
0.132,0.629,-0.294,20.020,-41.016,47.363
0.124,0.589,-0.357,15.869,-35.767,59.814
0.122,0.612,-0.322,10.620,-37.903,67.383
0.127,0.637,-0.245,9.338,-39.917,73.303
0.130,0.649,-0.176,19.714,-35.706,79.773
0.127,0.655,-0.146,22.583,-29.236,83.130
0.102,0.685,-0.176,21.362,-22.888,87.891
0.088,0.719,-0.169,19.592,-18.433,93.262
0.076,0.747,-0.133,21.667,-9.949,101.013
0.048,0.832,-0.111,20.630,-2.625,104.370
0.034,0.947,-0.183,16.479,7.019,106.201
0.014,1.016,-0.281,12.817,14.221,96.619
-0.008,0.997,-0.346,13.184,8.240,91.370
-0.032,0.848,-0.316,10.742,1.404,89.416
-0.040,0.795,-0.249,4.578,-2.136,90.759
-0.036,0.833,-0.180,-11.780,5.798,97.961
-0.069,0.955,-0.151,-13.733,13.184,97.229
-0.095,0.953,-0.202,-10.376,18.250,93.323
-0.119,0.900,-0.235,-4.578,18.982,87.830
-0.141,0.887,-0.202,-8.972,20.935,89.966
-0.194,0.943,-0.216,-15.625,28.137,90.088
-0.223,0.997,-0.267,-20.508,34.851,88.928
-0.239,1.084,-0.285,-20.752,39.246,81.970
-0.267,1.152,-0.343,-20.081,40.894,73.303
-0.290,1.101,-0.371,-20.935,41.443,63.599
-0.308,1.036,-0.371,-24.292,40.161,51.636
-0.319,0.989,-0.347,-24.048,41.443,49.866
-0.334,0.963,-0.303,-22.705,44.189,49.011
-0.337,0.975,-0.272,-20.874,47.424,47.974
-0.345,1.016,-0.244,-20.508,58.350,43.701
-0.383,1.092,-0.308,-20.996,65.125,38.269
-0.409,1.068,-0.379,-20.935,69.580,31.555
-0.431,1.031,-0.438,-25.330,69.397,22.583
-0.447,0.995,-0.469,-29.114,66.833,20.264
-0.468,0.935,-0.453,-32.288,63.477,19.226
-0.472,0.950,-0.406,-35.278,60.242,18.982
-0.475,0.986,-0.368,-35.400,60.974,14.282
-0.484,1.036,-0.373,-32.043,63.904,8.728
-0.486,1.006,-0.398,-28.137,66.162,1.770
-0.487,0.948,-0.421,-25.269,66.162,-8.057
-0.487,0.886,-0.447,-27.588,65.308,-9.399
-0.481,0.832,-0.513,-31.860,63.843,-8.972
-0.478,0.849,-0.539,-36.987,61.401,-8.179
-0.472,0.878,-0.572,-47.791,53.894,-9.644
-0.458,0.918,-0.617,-53.467,47.180,-12.451
-0.453,0.889,-0.569,-58.105,39.063,-16.113
-0.450,0.840,-0.500,-61.157,30.762,-21.301
-0.450,0.786,-0.457,-58.411,31.494,-21.545
-0.447,0.740,-0.446,-53.101,33.386,-20.020
-0.439,0.762,-0.463,-47.485,35.706,-18.066
-0.432,0.781,-0.476,-39.612,40.283,-18.372
-0.436,0.781,-0.474,-36.987,42.603,-20.020
-0.443,0.767,-0.501,-34.363,45.532,-21.973
-0.451,0.763,-0.548,-31.799,48.828,-24.963
-0.455,0.760,-0.606,-31.311,47.241,-26.428
-0.467,0.715,-0.687,-31.738,43.152,-27.222
-0.470,0.703,-0.701,-33.936,37.170,-26.367
-0.467,0.737,-0.673,-42.053,24.231,-23.499
-0.467,0.790,-0.625,-44.434,20.874,-25.330
-0.470,0.785,-0.620,-44.861,19.104,-28.137
-0.475,0.766,-0.629,-39.490,17.517,-32.898
-0.482,0.727,-0.651,-35.034,16.174,-33.508
-0.479,0.724,-0.698,-32.227,13.855,-32.288
-0.470,0.771,-0.715,-31.433,10.620,-31.189
-0.463,0.799,-0.732,-32.104,2.258,-35.034
-0.447,0.750,-0.738,-33.386,-2.380,-38.086
-0.440,0.725,-0.720,-34.851,-6.470,-39.978
-0.436,0.705,-0.697,-32.898,-12.146,-41.382
-0.430,0.699,-0.667,-29.846,-13.550,-41.260
-0.410,0.669,-0.648,-25.879,-13.794,-41.077
-0.398,0.655,-0.658,-22.034,-13.733,-40.039
-0.386,0.671,-0.653,-18.677,-14.160,-36.377
-0.376,0.716,-0.652,-18.127,-13.855,-35.767
-0.373,0.717,-0.669,-17.273,-14.404,-35.706
-0.368,0.703,-0.678,-16.418,-19.897,-34.668
-0.358,0.689,-0.679,-17.639,-22.400,-33.203
-0.339,0.687,-0.657,-19.348,-23.804,-31.738
-0.338,0.682,-0.649,-20.508,-24.353,-30.457
-0.337,0.700,-0.644,-21.057,-24.597,-27.588
-0.329,0.803,-0.665,-20.020,-23.743,-28.259
-0.322,0.803,-0.679,-17.822,-24.109,-31.494
-0.325,0.771,-0.702,-11.780,-27.283,-36.255
-0.317,0.746,-0.717,-7.874,-30.579,-39.001
-0.282,0.616,-0.704,-4.822,-32.349,-41.199
-0.273,0.636,-0.713,-3.174,-33.936,-38.452
-0.267,0.658,-0.705,0.000,-37.354,-35.034
-0.269,0.657,-0.754,0.854,-38.452,-35.278
-0.264,0.679,-0.723,1.587,-41.443,-34.912
-0.256,0.685,-0.686,5.188,-44.861,-36.072
-0.247,0.667,-0.660,9.094,-45.288,-36.438
-0.228,0.611,-0.664,12.268,-45.654,-35.706
-0.217,0.606,-0.687,12.756,-46.265,-33.875
-0.210,0.622,-0.722,9.033,-49.011,-29.846
-0.209,0.654,-0.741,9.277,-52.185,-28.442
-0.207,0.650,-0.706,12.329,-55.603,-27.527
-0.201,0.623,-0.663,22.156,-56.885,-25.513
-0.191,0.608,-0.639,26.184,-54.932,-22.705
-0.166,0.639,-0.616,30.029,-52.856,-19.531
-0.158,0.676,-0.632,33.386,-50.476,-16.968
-0.157,0.700,-0.658,39.673,-48.828,-16.296
-0.154,0.749,-0.701,40.894,-50.232,-16.418
-0.145,0.797,-0.715,39.185,-52.673,-17.151
-0.132,0.807,-0.697,30.212,-61.279,-24.231
-0.119,0.771,-0.643,27.649,-63.416,-27.283
-0.094,0.708,-0.588,28.748,-62.927,-28.442
-0.083,0.713,-0.559,33.569,-62.134,-28.931
-0.072,0.732,-0.522,49.072,-60.181,-31.494
-0.042,0.721,-0.503,55.847,-58.838,-32.715
-0.047,0.727,-0.541,58.533,-58.960,-31.433
-0.039,0.747,-0.569,49.744,-67.383,-28.748
-0.011,0.666,-0.514,40.710,-69.641,-23.010
0.021,0.637,-0.492,28.320,-66.345,-10.376
0.024,0.679,-0.502,19.165,-65.186,-0.427
0.032,0.686,-0.428,13.489,-72.144,6.714
0.087,0.710,-0.241,9.460,-70.313,10.071
0.093,0.703,-0.234,5.066,-64.636,12.634
0.091,0.662,-0.246,-2.502,-54.749,16.907
0.090,0.628,-0.248,-3.357,-50.598,21.851
0.089,0.612,-0.249,-1.709,-46.265,28.076
0.091,0.622,-0.256,1.587,-42.480,34.973
0.095,0.651,-0.278,8.728,-36.621,47.668
0.107,0.816,-0.236,10.681,-34.851,52.185
0.099,0.875,-0.212,8.850,-31.433,53.345
0.081,0.865,-0.225,-7.690,-24.719,46.997
0.064,0.810,-0.255,-16.968,-25.635,44.617
0.062,0.698,-0.299,-25.269,-28.992,45.044
0.070,0.702,-0.261,-32.104,-32.776,48.340
0.071,0.732,-0.235,-34.729,-27.405,55.603
0.063,0.817,-0.245,-32.410,-20.935,57.129
0.069,0.859,-0.242,-29.236,-15.076,57.129
0.068,0.870,-0.238,-19.104,-3.845,54.382
0.052,0.852,-0.257,-13.733,1.038,53.833
0.027,0.774,-0.321,-9.644,4.639,54.565
0.021,0.747,-0.344,-7.446,7.629,57.678
0.020,0.789,-0.356,-11.841,13.123,67.871
0.005,0.918,-0.369,-13.367,15.747,67.383
-0.004,0.930,-0.367,-12.085,17.334,62.744
-0.012,0.916,-0.345,-12.878,18.127,50.964
-0.027,0.889,-0.326,-18.433,20.386,45.654
-0.091,0.852,-0.433,-25.696,21.912,41.016
-0.099,0.870,-0.501,-29.968,16.541,34.546
-0.065,0.821,-0.427,-19.653,0.610,23.682
-0.067,0.762,-0.312,-11.902,15.686,34.668
-0.090,0.830,-0.455,-8.118,35.522,48.706
-0.103,0.918,-0.490,-15.747,37.598,57.861
-0.104,0.986,-0.442,-25.024,39.734,48.523
-0.146,0.898,-0.492,-31.067,45.105,37.231
-0.167,0.855,-0.516,-32.227,46.875,31.860
-0.179,0.874,-0.503,-30.823,44.067,33.081
-0.200,0.912,-0.520,-32.227,45.044,29.602
-0.214,0.903,-0.543,-34.241,45.227,24.719
-0.219,0.893,-0.542,-31.982,41.016,20.447
-0.217,0.897,-0.521,-27.405,40.771,20.325
-0.215,0.909,-0.493,-23.071,42.664,19.104
-0.224,0.895,-0.494,-19.653,45.654,16.602
-0.236,0.874,-0.502,-16.479,51.392,12.024
-0.264,0.852,-0.521,-16.479,53.406,11.292
-0.277,0.859,-0.530,-16.541,55.237,11.169
-0.293,0.856,-0.548,-16.602,57.556,9.155
-0.305,0.853,-0.566,-19.104,57.068,8.301
-0.305,0.893,-0.574,-24.353,56.641,6.531
-0.312,0.916,-0.596,-29.358,57.007,3.662
-0.322,0.937,-0.627,-35.034,56.152,-4.089
-0.340,0.920,-0.707,-37.109,53.406,-8.545
-0.344,0.892,-0.724,-39.490,48.157,-11.475
-0.345,0.871,-0.712,-47.485,35.828,-13.550
-0.344,0.852,-0.671,-48.950,32.349,-14.893
-0.338,0.806,-0.573,-46.753,32.654,-15.625
-0.339,0.819,-0.573,-41.992,36.377,-14.954
-0.346,0.828,-0.597,-33.813,43.091,-17.090
-0.361,0.784,-0.667,-32.898,43.945,-19.287
-0.360,0.774,-0.688,-33.813,42.969,-20.508
-0.359,0.770,-0.690,-36.621,38.635,-23.254
-0.361,0.775,-0.677,-39.001,37.292,-25.818
-0.378,0.764,-0.699,-42.664,36.560,-28.992
-0.385,0.748,-0.723,-46.143,34.790,-31.921
-0.387,0.729,-0.740,-46.265,29.114,-35.400
-0.382,0.681,-0.772,-43.823,26.367,-35.278
-0.377,0.670,-0.761,-40.955,23.254,-33.569
-0.373,0.689,-0.742,-32.654,20.325,-29.907
-0.373,0.727,-0.745,-28.748,20.142,-31.494
-0.378,0.732,-0.780,-25.452,18.921,-34.912
-0.379,0.708,-0.795,-22.705,16.968,-38.086
-0.377,0.689,-0.800,-18.860,12.451,-41.443
-0.379,0.676,-0.807,-17.334,10.498,-42.847
-0.382,0.655,-0.822,-15.625,8.606,-44.556
-0.381,0.631,-0.831,-13.184,1.648,-44.312
-0.369,0.639,-0.821,-12.573,-2.075,-42.908
-0.349,0.692,-0.807,-11.597,-4.272,-43.213
-0.343,0.700,-0.803,-10.071,-6.287,-45.105
-0.334,0.692,-0.789,-6.470,-10.498,-50.537
-0.331,0.620,-0.806,-4.944,-11.169,-52.124
-0.332,0.592,-0.834,-4.089,-12.390,-50.720
-0.323,0.590,-0.840,-5.859,-19.409,-42.908
-0.282,0.643,-0.755,-6.714,-22.644,-40.527
-0.264,0.648,-0.706,-5.981,-23.499,-40.283
-0.252,0.649,-0.678,-3.906,-22.400,-40.649
-0.243,0.658,-0.671,1.953,-18.311,-41.565
-0.247,0.629,-0.744,4.944,-17.029,-42.480
-0.237,0.604,-0.758,7.141,-18.494,-41.809
-0.224,0.607,-0.747,4.700,-22.827,-36.072
-0.217,0.609,-0.753,2.502,-23.621,-33.691
-0.207,0.605,-0.744,0.793,-25.391,-30.762
-0.193,0.614,-0.721,-0.977,-28.259,-23.987
-0.182,0.620,-0.713,0.244,-27.405,-21.606
-0.169,0.658,-0.744,2.258,-26.855,-19.348
-0.162,0.689,-0.748,4.211,-27.100,-18.005
-0.157,0.704,-0.753,6.775,-27.405,-19.836
-0.146,0.656,-0.799,8.057,-29.053,-20.813
-0.137,0.648,-0.796,8.484,-32.349,-19.897
-0.129,0.662,-0.798,4.517,-35.645,-17.944
-0.124,0.669,-0.815,2.808,-36.987,-18.127
-0.113,0.659,-0.817,2.197,-39.673,-17.517
-0.102,0.672,-0.784,2.625,-42.786,-16.296
-0.095,0.687,-0.754,7.324,-44.556,-16.846
-0.105,0.662,-0.770,10.925,-43.762,-18.555
-0.092,0.650,-0.785,13.855,-44.617,-19.348
-0.073,0.629,-0.763,14.587,-48.645,-17.883
-0.072,0.620,-0.758,12.634,-50.049,-16.113
-0.042,0.566,-0.704,11.414,-52.185,-15.991
-0.031,0.554,-0.690,10.071,-52.979,-12.817
-0.016,0.618,-0.661,9.949,-52.917,-3.235
-0.020,0.596,-0.709,11.047,-50.476,-4.089
-0.025,0.586,-0.720,11.230,-50.720,-2.380
-0.018,0.617,-0.666,12.085,-55.420,5.798
-0.009,0.652,-0.612,14.221,-53.772,7.080
0.004,0.674,-0.605,17.517,-51.514,7.141
0.010,0.679,-0.611,20.508,-50.537,7.202
0.016,0.681,-0.617,22.583,-51.697,7.202
0.019,0.642,-0.631,21.301,-52.612,7.263
0.023,0.621,-0.632,17.944,-53.589,8.667
0.031,0.625,-0.618,10.681,-55.481,15.442
0.037,0.644,-0.584,10.864,-55.298,18.066
0.050,0.646,-0.544,13.916,-54.504,19.592
0.057,0.618,-0.520,18.005,-54.321,20.752
0.061,0.594,-0.491,20.447,-51.392,27.893
0.070,0.594,-0.489,19.165,-48.157,33.508
0.074,0.595,-0.483,18.127,-46.021,38.879
0.066,0.598,-0.503,13.184,-41.809,48.950
0.056,0.600,-0.536,10.254,-42.480,53.894
0.065,0.681,-0.464,8.911,-44.739,58.228
0.077,0.753,-0.396,9.094,-45.593,59.937
0.081,0.779,-0.357,12.878,-39.429,54.871
0.058,0.681,-0.396,14.832,-34.485,53.162
0.050,0.661,-0.424,14.893,-31.189,54.871
0.046,0.674,-0.422,9.705,-29.663,60.913
0.047,0.692,-0.388,8.240,-28.320,63.171
0.043,0.718,-0.318,8.118,-24.475,65.308
0.034,0.714,-0.319,7.874,-18.738,66.833
0.024,0.705,-0.334,6.409,-8.362,69.763
-0.000,0.748,-0.358,5.371,-5.493,71.350
-0.024,0.783,-0.379,3.784,-3.845,71.350
-0.033,0.805,-0.379,0.854,-6.470,66.467
-0.026,0.819,-0.330,-0.793,-4.028,64.941
-0.048,0.781,-0.352,-2.625,3.052,63.904
-0.056,0.788,-0.385,-3.418,8.301,64.880
-0.050,0.806,-0.395,-3.845,11.108,66.284
-0.047,0.805,-0.401,-5.005,12.634,65.918
-0.063,0.790,-0.401,-6.592,14.465,66.101
-0.088,0.776,-0.418,-9.644,16.479,67.749
-0.108,0.752,-0.422,-10.254,15.259,72.021
-0.116,0.924,-0.350,-11.719,18.311,74.951
-0.131,0.949,-0.374,-13.000,27.832,66.711
-0.151,0.898,-0.414,-11.292,41.504,46.082
-0.182,0.875,-0.473,-12.085,43.762,44.312
-0.199,0.890,-0.503,-14.526,44.434,43.579
-0.205,0.927,-0.500,-20.142,41.626,39.368
-0.204,0.946,-0.488,-20.630,41.321,34.546
-0.216,0.898,-0.460,-20.020,41.443,30.151
-0.233,0.882,-0.449,-19.592,42.603,26.672
-0.258,0.880,-0.448,-18.860,48.584,20.813
-0.300,0.907,-0.485,-17.822,51.941,19.043
-0.308,0.930,-0.490,-15.381,54.199,17.883
-0.311,0.934,-0.502,-7.996,58.228,13.184
-0.310,0.923,-0.518,-5.859,59.631,10.132
-0.329,0.880,-0.590,-6.104,61.340,7.019
-0.335,0.879,-0.632,-7.507,62.073,4.883
-0.341,0.906,-0.637,-12.451,61.035,0.732
-0.354,0.874,-0.670,-13.855,59.631,-2.136
-0.358,0.874,-0.657,-15.076,56.641,-3.906
-0.367,0.869,-0.672,-18.860,55.603,-10.193
-0.378,0.866,-0.696,-19.104,54.138,-12.573
-0.396,0.851,-0.723,-17.944,51.208,-14.465
-0.382,0.825,-0.713,-15.930,46.936,-15.991
-0.372,0.817,-0.683,-14.404,40.771,-18.066
-0.375,0.821,-0.649,-14.465,40.405,-20.447
-0.381,0.828,-0.639,-14.526,40.344,-23.376
-0.392,0.831,-0.633,-12.207,39.429,-29.114
-0.403,0.825,-0.630,-9.583,38.513,-31.067
-0.406,0.779,-0.625,-7.263,36.987,-31.738
-0.393,0.778,-0.605,-6.104,35.339,-30.823
-0.376,0.809,-0.574,-5.615,34.851,-29.724
-0.352,0.872,-0.533,-4.456,36.377,-32.410
-0.360,0.857,-0.553,-2.502,38.330,-36.499
-0.383,0.809,-0.588,-1.404,38.696,-41.077
-0.400,0.766,-0.619,-3.174,36.499,-38.757
-0.391,0.786,-0.641,-5.676,33.203,-35.583
-0.378,0.826,-0.632,-8.301,29.297,-33.569
-0.362,0.859,-0.615,-12.573,22.400,-36.377
-0.346,0.867,-0.611,-13.123,20.569,-40.283
-0.347,0.848,-0.615,-12.695,19.409,-44.373
-0.356,0.824,-0.632,-12.573,17.761,-49.866
-0.367,0.794,-0.656,-12.939,15.625,-49.988
-0.348,0.771,-0.658,-13.672,12.634,-48.584
-0.340,0.782,-0.659,-14.282,9.888,-47.424
-0.337,0.785,-0.662,-15.503,6.042,-49.255
-0.333,0.787,-0.668,-16.235,4.883,-49.988
-0.334,0.800,-0.665,-15.808,3.540,-49.988
-0.329,0.800,-0.655,-12.451,0.427,-51.025
-0.318,0.789,-0.651,-10.803,-1.099,-52.246
-0.299,0.748,-0.641,-10.193,-2.380,-53.406
-0.295,0.731,-0.649,-10.376,-3.113,-53.772
-0.295,0.724,-0.658,-9.949,-5.493,-51.941
-0.279,0.710,-0.656,-9.216,-6.897,-50.537
-0.265,0.693,-0.667,-8.789,-7.568,-49.133
-0.252,0.683,-0.667,-8.728,-10.437,-44.922
-0.239,0.705,-0.641,-8.972,-11.963,-43.274
-0.221,0.724,-0.624,-7.874,-12.207,-43.518
-0.230,0.680,-0.636,-5.737,-12.390,-44.434
-0.235,0.626,-0.642,-5.310,-13.428,-38.940
-0.212,0.652,-0.654,-7.446,-13.184,-33.081
-0.205,0.704,-0.669,-8.667,-13.123,-28.870
-0.198,0.739,-0.677,-4.333,-16.235,-26.062
-0.191,0.756,-0.674,-0.977,-17.822,-25.940
-0.174,0.734,-0.672,1.404,-18.799,-26.367
-0.162,0.717,-0.670,2.380,-19.470,-26.428
-0.152,0.727,-0.659,1.160,-22.034,-24.963
-0.144,0.754,-0.607,0.488,-23.560,-25.330
-0.141,0.738,-0.596,0.488,-24.109,-25.879
-0.134,0.724,-0.589,0.549,-23.804,-24.231
-0.126,0.719,-0.596,0.854,-23.193,-22.949
-0.109,0.744,-0.607,1.587,-23.315,-21.851
-0.101,0.757,-0.610,2.991,-23.560,-21.423
-0.094,0.748,-0.593,5.920,-24.841,-22.461
-0.091,0.713,-0.578,5.676,-24.597,-22.339
-0.091,0.705,-0.578,4.761,-24.597,-21.606
-0.087,0.709,-0.579,2.197,-23.437,-17.395
-0.080,0.747,-0.585,2.014,-22.766,-16.235
-0.056,0.739,-0.585,3.601,-22.095,-18.250
-0.054,0.718,-0.600,5.676,-21.912,-17.822
-0.041,0.756,-0.576,10.498,-25.574,-12.939
-0.029,0.749,-0.579,12.634,-24.780,-15.015
-0.025,0.747,-0.591,13.550,-24.963,-16.052
-0.020,0.769,-0.583,12.817,-27.710,-15.381
-0.014,0.775,-0.588,12.451,-28.381,-16.174
0.010,0.734,-0.608,11.353,-29.724,-16.724
0.020,0.716,-0.607,8.667,-31.494,-16.235
0.026,0.712,-0.588,2.991,-34.607,-12.756
0.033,0.718,-0.546,3.052,-35.034,-11.047
0.038,0.717,-0.535,4.639,-35.095,-9.277
0.045,0.718,-0.527,8.423,-34.607,-4.272
0.050,0.711,-0.511,10.559,-33.508,-1.831
0.051,0.672,-0.502,12.817,-31.311,0.977
0.043,0.647,-0.515,15.259,-28.992,4.822
0.042,0.644,-0.526,21.057,-26.123,17.029
0.053,0.733,-0.499,22.522,-25.696,22.949
0.058,0.815,-0.467,22.095,-25.208,26.672
0.059,0.865,-0.462,22.583,-21.545,22.949
0.054,0.851,-0.489,23.010,-20.996,19.165
0.052,0.759,-0.516,20.813,-21.912,17.944
0.042,0.749,-0.529,15.991,-22.400,19.348
0.035,0.772,-0.526,5.371,-24.658,24.780
0.044,0.838,-0.456,1.892,-25.513,26.001
0.043,0.852,-0.437,0.854,-24.414,25.513
0.036,0.843,-0.436,5.493,-20.691,21.729
0.033,0.826,-0.437,6.653,-19.348,20.752
0.029,0.822,-0.435,6.165,-17.578,20.142
0.029,0.808,-0.437,5.981,-15.320,19.287
0.033,0.789,-0.440,7.263,-10.803,19.653
0.033,0.790,-0.461,7.446,-9.216,20.508
0.025,0.791,-0.455,6.836,-8.728,20.630
0.022,0.778,-0.452,5.615,-7.935,21.423
0.027,0.774,-0.448,5.981,-7.324,22.766
0.021,0.781,-0.448,6.470,-6.287,24.109
0.015,0.778,-0.462,6.348,-5.310,25.452
0.012,0.785,-0.479,3.967,-5.493,28.442
0.016,0.832,-0.463,2.075,-5.981,29.602
0.012,0.852,-0.459,0.610,-5.310,30.212
0.008,0.855,-0.458,0.854,-3.723,29.419
0.007,0.841,-0.458,0.977,-3.479,28.503
0.000,0.809,-0.454,0.366,-3.479,28.137
-0.006,0.813,-0.450,-0.244,-3.357,28.259
-0.013,0.826,-0.439,0.427,-2.563,28.687
-0.023,0.826,-0.444,1.282,-1.526,28.381
-0.019,0.804,-0.458,1.587,-0.732,28.076
-0.011,0.793,-0.461,-1.099,-0.793,29.114
-0.009,0.799,-0.444,-2.502,-0.122,29.541
-0.021,0.816,-0.439,-3.113,1.221,29.907
-0.039,0.820,-0.437,-2.380,2.625,29.846
-0.055,0.821,-0.434,-0.122,5.554,31.067
-0.064,0.841,-0.452,-0.061,7.568,31.189
-0.068,0.844,-0.459,0.549,8.728,30.823
-0.074,0.848,-0.463,3.174,9.277,30.212
-0.090,0.846,-0.477,3.784,9.399,29.968
-0.096,0.867,-0.465,4.089,9.094,30.579
-0.101,0.892,-0.449,3.784,9.644,29.724
-0.103,0.903,-0.435,3.906,10.132,28.381
-0.107,0.898,-0.426,4.395,10.925,26.794
-0.110,0.864,-0.433,4.944,11.841,24.658
-0.110,0.840,-0.438,3.479,12.756,23.987
-0.116,0.831,-0.430,0.793,13.306,24.231
-0.120,0.831,-0.429,-2.075,14.221,24.231
-0.126,0.840,-0.425,-3.784,15.625,23.987
-0.133,0.849,-0.418,-2.930,16.479,23.254
-0.139,0.866,-0.421,-2.136,17.639,22.461
-0.143,0.866,-0.429,-1.831,18.860,21.484
-0.153,0.857,-0.431,-2.075,21.118,19.348
-0.175,0.839,-0.451,-2.319,22.339,19.104
-0.179,0.854,-0.447,-2.808,22.888,19.836
-0.180,0.872,-0.440,-3.479,24.414,19.897
-0.180,0.873,-0.440,-3.479,25.269,18.372
-0.199,0.827,-0.437,-4.150,25.635,17.456
-0.214,0.805,-0.442,-5.981,25.940,17.517
-0.224,0.812,-0.453,-10.376,26.245,19.592
-0.229,0.889,-0.437,-10.803,26.245,19.836
-0.226,0.898,-0.438,-9.827,27.283,17.883
-0.227,0.890,-0.437,-8.484,28.992,12.756
-0.235,0.876,-0.437,-9.521,29.785,10.742
-0.266,0.839,-0.447,-11.353,30.334,9.277
-0.280,0.826,-0.449,-13.306,30.640,9.094
-0.283,0.829,-0.448,-15.015,31.982,11.414
-0.276,0.869,-0.458,-14.648,33.447,11.658
-0.274,0.889,-0.467,-13.733,34.790,10.559
-0.275,0.899,-0.475,-11.475,36.438,6.042
-0.282,0.895,-0.484,-11.169,37.354,3.540
-0.313,0.846,-0.512,-12.268,37.903,2.197
-0.315,0.840,-0.521,-14.038,37.537,2.502
-0.317,0.851,-0.520,-17.273,35.278,3.418
-0.316,0.882,-0.518,-17.761,34.119,2.197
-0.315,0.882,-0.511,-17.334,32.959,-0.183
-0.320,0.870,-0.509,-17.151,32.104,-5.432
-0.325,0.860,-0.513,-17.700,32.532,-7.202
-0.332,0.863,-0.543,-17.700,32.898,-8.667
-0.333,0.865,-0.557,-16.663,32.532,-10.132
-0.327,0.863,-0.562,-13.611,29.785,-12.634
-0.320,0.861,-0.548,-13.306,28.564,-14.099
-0.318,0.860,-0.537,-13.916,27.771,-15.930
-0.318,0.855,-0.538,-14.648,27.222,-20.142
-0.325,0.834,-0.549,-13.916,26.245,-21.790
-0.334,0.770,-0.563,-13.733,24.719,-21.790
-0.335,0.754,-0.567,-14.648,22.888,-20.386
-0.331,0.764,-0.561,-16.846,19.958,-15.808
-0.316,0.835,-0.537,-16.296,19.348,-14.954
-0.311,0.855,-0.526,-15.137,19.043,-15.991
-0.316,0.855,-0.529,-13.367,19.409,-21.057
-0.331,0.834,-0.548,-13.428,18.799,-22.888
-0.346,0.795,-0.574,-14.832,17.517,-22.766
-0.344,0.803,-0.586,-16.052,16.296,-21.790
-0.342,0.812,-0.599,-14.526,14.221,-21.423
-0.328,0.853,-0.614,-13.489,13.000,-21.790
-0.321,0.878,-0.611,-12.146,11.841,-23.315
-0.320,0.886,-0.605,-8.057,9.644,-31.128
-0.329,0.869,-0.609,-6.287,8.789,-35.034
-0.342,0.802,-0.652,-4.944,7.446,-36.865
-0.334,0.784,-0.659,-4.211,5.188,-36.804
-0.325,0.786,-0.662,-4.211,0.610,-34.302
-0.307,0.859,-0.658,-3.540,-1.648,-33.997
-0.290,0.887,-0.643,-1.709,-3.906,-36.072
-0.274,0.894,-0.637,3.052,-6.348,-44.067
-0.277,0.887,-0.647,4.395,-7.690,-48.401
-0.317,0.804,-0.684,4.578,-9.644,-51.514
-0.323,0.760,-0.696,4.028,-12.451,-51.636
-0.309,0.739,-0.694,3.113,-20.020,-45.715
-0.260,0.778,-0.646,2.930,-23.804,-43.701
-0.239,0.811,-0.614,2.686,-26.489,-43.579
-0.220,0.834,-0.600,4.333,-27.893,-48.157
-0.213,0.826,-0.601,7.507,-28.503,-51.392
-0.235,0.688,-0.631,10.742,-29.541,-52.368
-0.228,0.628,-0.626,12.329,-31.250,-48.889
-0.207,0.635,-0.591,9.705,-33.142,-34.546
-0.170,0.762,-0.532,9.521,-32.166,-30.518
-0.160,0.817,-0.526,11.536,-30.396,-29.968
-0.161,0.838,-0.552,18.616,-26.917,-34.119
-0.166,0.818,-0.583,20.752,-28.076,-35.034
-0.149,0.742,-0.544,20.935,-30.640,-34.424
-0.135,0.730,-0.528,19.287,-31.616,-31.799
-0.110,0.749,-0.509,13.794,-31.738,-27.710
-0.088,0.702,-0.517,10.437,-31.189,-26.611
-0.080,0.755,-0.505,6.775,-32.776,-21.179
-0.066,0.793,-0.488,4.517,-35.095,-17.700
-0.058,0.763,-0.494,4.639,-35.645,-17.700
-0.042,0.728,-0.461,4.517,-36.926,-15.198
-0.032,0.731,-0.430,3.906,-37.109,-12.451
-0.024,0.738,-0.418,1.831,-32.776,-9.094
-0.006,0.779,-0.427,1.709,-30.945,-7.507
0.004,0.807,-0.419,2.625,-29.602,-6.653
0.008,0.820,-0.408,9.155,-26.245,-8.118
0.011,0.811,-0.399,12.329,-24.780,-8.179
0.015,0.802,-0.385,13.794,-23.743,-6.958
0.022,0.811,-0.375,13.672,-22.583,-5.737
0.030,0.813,-0.372,9.827,-18.250,-5.127
0.037,0.825,-0.381,8.057,-16.174,-4.944
0.039,0.833,-0.385,7.629,-14.771,-4.761
0.040,0.836,-0.388,9.277,-12.695,-3.906
0.044,0.839,-0.395,9.766,-11.780,-3.235
0.059,0.864,-0.396,8.972,-11.353,-2.930
0.064,0.850,-0.391,7.568,-11.292,-3.906
0.066,0.816,-0.376,4.089,-11.414,-5.249
0.067,0.777,-0.361,1.709,-10.254,-3.845
0.066,0.790,-0.361,-0.671,-8.667,-1.465
0.063,0.807,-0.376,-3.723,-4.944,2.380
0.060,0.809,-0.397,-3.906,-3.845,3.662
0.059,0.814,-0.417,-3.906,-2.991,5.066
0.058,0.825,-0.426,-3.967,-1.953,6.042
0.058,0.836,-0.438,-3.784,-0.488,6.653
0.054,0.859,-0.492,-3.479,-0.671,6.653
0.052,0.874,-0.501,-3.479,-2.197,6.409
0.050,0.883,-0.499,-4.456,-4.517,4.456
0.042,0.875,-0.509,-3.235,-5.005,3.357
0.031,0.846,-0.517,-1.709,-6.042,3.479
0.033,0.864,-0.507,-0.977,-6.958,4.517
0.031,0.887,-0.511,0.671,-7.202,3.540
0.030,0.861,-0.486,2.930,-7.751,1.953
0.031,0.847,-0.478,4.639,-7.263,1.648
0.031,0.843,-0.486,6.897,-5.554,1.831
0.033,0.835,-0.491,7.141,-6.042,1.587
0.037,0.818,-0.455,6.165,-6.531,1.709
0.038,0.830,-0.446,4.883,-5.920,2.625
0.040,0.850,-0.435,5.920,-4.578,4.272
0.040,0.854,-0.403,8.118,-3.052,3.906
0.036,0.845,-0.429,9.644,-0.793,3.357
0.033,0.851,-0.441,7.935,-0.366,4.761
0.032,0.880,-0.437,5.615,0.000,4.944
0.031,0.937,-0.446,3.784,0.610,3.601
0.031,0.945,-0.446,2.930,0.793,1.343
0.033,0.935,-0.440,2.136,0.244,-3.418
0.035,0.911,-0.415,1.282,0.366,-5.066
0.033,0.913,-0.409,-0.244,1.160,-6.409
0.029,0.924,-0.425,-3.662,3.052,-10.254
0.032,0.933,-0.449,-3.784,1.953,-12.512
0.041,0.906,-0.479,-2.258,1.160,-13.855
0.041,0.892,-0.518,-0.427,1.404,-13.672
0.042,0.883,-0.543,-0.366,-1.953,-11.292
0.040,0.908,-0.562,-2.258,-4.517,-10.132
0.032,0.919,-0.577,-4.395,-6.836,-9.827
0.025,0.923,-0.617,-3.845,-12.085,-10.437
0.024,0.927,-0.648,-2.625,-17.395,-10.925
0.032,0.929,-0.627,-2.319,-22.217,-12.146
0.034,0.909,-0.629,-2.991,-25.146,-13.855
0.037,0.882,-0.644,-5.188,-29.663,-15.259
0.038,0.833,-0.685,-6.226,-33.264,-14.404
0.037,0.829,-0.702,-8.301,-37.720,-13.000
0.039,0.819,-0.700,-12.939,-48.340,-11.230
0.046,0.792,-0.677,-13.367,-52.429,-9.705
0.052,0.729,-0.629,-13.428,-55.603,-6.958
0.051,0.708,-0.619,-13.489,-58.044,-3.296
0.049,0.697,-0.607,-12.573,-62.195,6.104
0.068,0.724,-0.531,-13.000,-63.049,9.644
0.066,0.698,-0.519,-12.146,-63.416,9.949
0.058,0.657,-0.519,-10.437,-65.369,14.038
0.059,0.624,-0.508,-12.146,-65.857,20.813
0.070,0.587,-0.458,-12.573,-65.552,28.198
0.073,0.567,-0.429,-10.376,-65.186,34.851
0.072,0.564,-0.390,-5.127,-62.256,50.598
0.089,0.627,-0.322,-2.869,-59.082,58.350
0.092,0.650,-0.314,0.977,-55.725,63.660
0.101,0.640,-0.292,8.667,-50.903,67.871
0.112,0.574,-0.248,11.169,-45.227,72.083
0.065,0.430,-0.218,12.329,-35.767,83.801
0.039,0.502,-0.242,9.460,-26.001,100.891
0.018,0.590,-0.252,3.845,-15.564,119.751
-0.007,0.648,-0.230,3.784,-12.634,122.253
-0.011,0.687,-0.213,2.625,-9.277,125.366
-0.027,0.750,-0.204,-1.221,0.122,128.357
-0.061,0.794,-0.229,-0.854,3.967,125.916
-0.128,0.792,-0.320,1.770,4.761,123.901
-0.152,0.793,-0.354,3.357,3.967,123.413
-0.169,0.804,-0.370,-3.723,-0.488,122.009
-0.196,0.910,-0.303,-9.094,-2.441,120.361
-0.186,0.968,-0.280,-12.939,-2.136,115.234
-0.182,1.002,-0.256,-13.245,3.052,100.281
-0.209,0.981,-0.252,-11.963,8.667,94.116
-0.272,0.895,-0.306,-11.475,11.658,90.637
-0.274,0.876,-0.296,-12.512,11.658,88.257
-0.286,0.852,-0.287,-16.479,15.198,86.182
-0.333,0.860,-0.288,-18.738,18.066,88.745
-0.340,0.897,-0.293,-20.813,20.691,91.309
-0.341,0.928,-0.303,-21.362,25.330,88.806
-0.358,0.943,-0.304,-20.081,27.588,85.510
-0.375,0.947,-0.316,-19.287,30.762,82.275
-0.387,0.959,-0.324,-19.958,33.691,78.918
-0.391,0.975,-0.322,-23.621,36.865,68.726
-0.412,0.964,-0.337,-23.743,37.415,61.523
-0.425,0.935,-0.344,-23.499,36.987,54.565
-0.433,0.906,-0.337,-25.635,37.170,44.250
-0.470,0.875,-0.326,-28.015,39.917,40.710
-0.492,0.872,-0.343,-30.701,43.213,37.659
-0.505,0.883,-0.359,-32.837,46.082,31.067
-0.513,0.883,-0.358,-32.043,47.485,26.611
-0.542,0.876,-0.378,-30.823,51.331,22.034
-0.560,0.859,-0.414,-30.090,55.786,17.273
-0.578,0.843,-0.444,-29.114,55.176,8.057
-0.620,0.826,-0.484,-30.823,52.063,3.662
-0.620,0.827,-0.469,-33.386,49.133,0.061
-0.614,0.833,-0.465,-37.048,50.842,-6.042
-0.609,0.842,-0.485,-36.926,50.415,-9.338
-0.598,0.895,-0.482,-35.400,48.157,-13.977
-0.632,0.878,-0.525,-33.020,46.814,-20.935
-0.667,0.823,-0.579,-26.550,34.485,-33.813
-0.620,0.767,-0.459,-28.870,32.227,-34.851
-0.602,0.780,-0.528,-32.288,41.748,-35.034
-0.583,0.814,-0.562,-27.649,45.288,-38.391
-0.568,0.858,-0.541,-22.644,44.800,-41.992
-0.567,0.898,-0.587,-21.301,46.326,-46.631
-0.567,0.880,-0.600,-23.804,45.410,-51.575
-0.568,0.848,-0.602,-28.870,39.124,-59.082
-0.561,0.793,-0.593,-29.541,36.377,-62.195
-0.563,0.769,-0.593,-29.480,33.508,-64.819
-0.549,0.774,-0.575,-30.884,27.649,-66.040
-0.522,0.804,-0.547,-31.067,27.344,-67.200
-0.478,0.805,-0.525,-29.846,28.259,-69.763
-0.487,0.774,-0.522,-28.442,29.358,-72.449
-0.518,0.742,-0.539,-23.315,33.325,-71.655
-0.520,0.734,-0.564,-20.264,34.424,-67.749
-0.491,0.770,-0.548,-18.005,35.278,-63.477
-0.468,0.806,-0.544,-13.184,40.588,-59.875
-0.456,0.827,-0.555,-11.841,42.542,-60.059
-0.456,0.840,-0.590,-11.475,42.725,-61.646
-0.467,0.824,-0.613,-11.841,41.382,-65.125
-0.486,0.792,-0.647,-13.245,33.936,-69.641
-0.484,0.763,-0.670,-13.489,25.757,-66.467
-0.457,0.795,-0.639,-13.367,17.395,-61.707
-0.424,0.824,-0.608,-13.000,11.719,-60.242
-0.399,0.849,-0.587,-13.184,13.000,-62.866
-0.395,0.889,-0.609,-13.000,13.916,-66.895
-0.424,0.860,-0.660,-11.597,12.878,-71.716
-0.439,0.811,-0.725,-5.005,-0.122,-75.623
-0.379,0.779,-0.709,-2.380,-9.460,-74.585
-0.347,0.788,-0.679,-2.136,-14.343,-73.975
-0.329,0.799,-0.658,-6.531,-17.029,-74.280
-0.323,0.812,-0.642,-7.812,-19.165,-75.378
-0.311,0.846,-0.618,-7.385,-21.362,-77.454
-0.316,0.839,-0.618,-4.639,-22.522,-81.177
-0.326,0.777,-0.646,4.944,-22.217,-83.618
-0.285,0.694,-0.675,6.958,-23.926,-76.172
-0.242,0.731,-0.665,6.348,-25.513,-66.162
-0.201,0.803,-0.648,4.883,-27.771,-55.481
-0.175,0.859,-0.624,5.005,-28.809,-57.312
-0.165,0.872,-0.599,5.676,-29.968,-60.852
-0.189,0.842,-0.612,6.836,-31.494,-64.331
-0.215,0.773,-0.629,8.118,-37.781,-66.467
-0.196,0.674,-0.581,6.470,-42.297,-62.805
-0.175,0.673,-0.564,3.540,-43.884,-57.800
-0.155,0.710,-0.578,-1.648,-43.091,-48.523
-0.136,0.763,-0.588,-0.854,-44.495,-46.814
-0.095,0.841,-0.562,1.770,-45.776,-47.119
-0.088,0.847,-0.549,5.066,-46.509,-48.462
-0.091,0.810,-0.552,12.573,-48.889,-49.744
-0.081,0.698,-0.544,13.855,-50.415,-46.936
-0.064,0.698,-0.557,12.878,-50.842,-42.053
-0.037,0.734,-0.549,8.118,-52.490,-34.668
-0.008,0.784,-0.531,5.920,-51.636,-34.607
0.019,0.856,-0.553,4.822,-51.086,-36.804
0.021,0.836,-0.562,5.310,-52.307,-40.222
0.018,0.780,-0.563,6.653,-56.458,-42.236
0.033,0.716,-0.531,6.042,-58.960,-39.001
0.051,0.729,-0.496,5.615,-60.974,-35.278
0.066,0.746,-0.486,8.118,-60.486,-31.250
0.074,0.751,-0.473,9.644,-59.937,-30.334
0.078,0.718,-0.452,10.315,-58.472,-28.687
0.088,0.697,-0.437,10.010,-57.007,-25.635
0.103,0.704,-0.424,8.606,-53.528,-15.869
0.129,0.773,-0.411,8.972,-51.086,-11.963
0.135,0.804,-0.413,10.803,-49.683,-9.949
0.146,0.836,-0.394,15.442,-50.964,-13.123
0.162,0.831,-0.392,16.296,-50.293,-16.602
0.167,0.793,-0.415,15.747,-50.232,-17.090
0.181,0.747,-0.417,13.489,-50.354,-16.846
0.184,0.716,-0.430,5.554,-51.453,-6.348
0.187,0.777,-0.382,2.197,-54.260,-0.427
0.190,0.767,-0.369,1.099,-55.420,0.793
0.194,0.743,-0.367,1.587,-56.274,2.075
0.201,0.740,-0.339,2.869,-56.396,4.700
0.217,0.750,-0.295,5.249,-53.955,7.263
0.220,0.734,-0.307,7.446,-50.964,9.216
0.217,0.701,-0.320,7.507,-48.279,12.512
-2.513,1.750,-4.000,317.871,290.649,73.547
-3.148,0.917,-4.000,186.340,53.345,29.053
-3.083,0.217,-3.344,-214.233,-806.518,208.679
-2.505,1.149,-1.048,-373.779,-865.173,382.202
-1.292,3.885,1.026,-389.770,-691.162,394.775
-1.238,3.474,0.906,-287.537,-550.110,237.183
-1.322,2.370,1.516,-97.046,-591.980,-85.022
-1.106,0.735,3.408,-50.964,-572.815,-126.831
-0.839,0.501,3.708,-31.006,-466.980,-113.770
-0.543,0.560,3.506,-21.912,-145.569,-39.124
-0.338,0.823,2.882,7.263,-21.423,-19.165
-0.234,1.050,1.443,39.185,43.762,-22.888
-0.252,0.867,1.165,49.866,68.298,-32.959
-0.285,0.752,0.958,28.259,119.873,-11.230
-0.196,0.775,0.362,49.927,153.137,15.076
-0.217,0.988,0.069,98.206,182.861,44.373
-0.255,1.179,-0.362,83.008,205.505,51.575
-0.267,1.218,-0.791,17.761,179.199,34.790
-0.178,1.358,-1.130,-54.565,137.207,20.752
-0.101,1.560,-1.058,-109.802,90.881,4.272
-0.061,1.693,-0.923,-133.667,15.381,-68.237
-0.094,1.425,-0.492,-126.038,-12.268,-117.493
-0.121,1.070,-0.235,-107.971,-28.503,-158.081
-0.136,0.690,-0.079,-37.415,-5.676,-167.114
-0.130,0.430,-0.062,-15.503,21.912,-134.460
-0.110,0.532,-0.283,-10.132,45.532,-95.947
-0.098,0.689,-0.402,-7.751,57.800,-69.519
-0.075,0.790,-0.456,20.081,54.504,-57.983
-0.041,0.893,-0.433,41.992,52.490,-59.875
-0.047,0.891,-0.478,63.416,54.382,-64.514
-0.081,0.838,-0.537,84.229,48.096,-74.097
-0.215,0.719,-0.466,76.965,41.870,-67.017
-0.017,0.676,-0.373,79.407,46.692,-51.880
0.078,0.696,-0.563,61.523,52.185,-40.527
0.003,0.660,-0.628,-47.913,19.470,-24.292
-0.100,0.787,-0.400,-59.509,2.991,-10.681
0.045,0.947,-0.460,-48.706,-2.991,-1.282
0.127,1.046,-0.554,-66.895,-32.593,-8.667
0.023,1.138,-0.296,-65.613,-48.767,-15.503
0.009,1.146,-0.198,-43.396,-47.485,-24.414
-0.001,1.089,-0.252,-15.381,-31.982,-35.339
-0.032,1.017,-0.401,15.381,-13.489,-50.110
-0.054,0.879,-0.487,24.170,-23.254,-52.917
-0.073,0.848,-0.361,33.997,-35.828,-51.941
-0.059,0.832,-0.215,40.039,-34.119,-41.321
0.089,0.953,-0.236,40.649,-21.118,-32.715
0.083,1.063,-0.325,42.847,-12.817,-27.039
0.051,1.123,-0.392,62.256,-21.606,-38.452
0.026,1.093,-0.398,70.190,-32.166,-48.157
0.088,0.951,-0.301,69.946,-38.574,-52.856
0.125,0.922,-0.343,62.317,-40.222,-52.124
0.115,0.939,-0.410,49.622,-52.490,-44.006
0.099,1.027,-0.306,46.936,-65.247,-42.908
0.122,1.043,-0.192,39.368,-75.012,-44.922
0.138,1.013,-0.115,22.583,-75.195,-48.950
0.140,0.955,-0.126,24.353,-69.641,-46.021
0.130,0.938,-0.279,30.396,-67.383,-40.283
0.124,0.948,-0.318,27.222,-71.350,-35.950
0.116,0.903,-0.326,-10.010,-91.248,-32.593
0.130,0.731,-0.280,-23.560,-102.173,-24.780
0.155,0.736,-0.195,-26.306,-111.389,-10.071
0.190,0.832,-0.052,-18.372,-113.159,14.587
0.216,0.953,0.073,-17.578,-101.624,13.977
0.191,1.010,0.061,-15.381,-88.013,6.958
0.176,0.933,-0.009,-7.446,-78.186,-0.366
0.185,0.840,-0.034,5.127,-68.420,-2.686
0.214,0.783,-0.144,0.488,-62.134,2.197
0.196,0.803,-0.228,-7.385,-59.937,6.775
0.178,0.788,-0.226,-14.648,-78.125,6.714
0.191,0.736,-0.108,-14.099,-85.388,8.057
0.182,0.582,0.070,-11.780,-82.825,13.977
0.175,0.558,0.060,-4.272,-76.538,25.757
0.189,0.610,0.098,18.860,-71.716,54.810
0.204,0.787,0.135,24.780,-65.674,61.035
0.201,0.815,0.064,26.123,-58.044,59.998
0.194,0.783,0.015,22.278,-55.298,52.185
0.185,0.743,0.010,19.470,-57.007,51.880
0.159,0.687,0.007,16.602,-57.373,52.551
0.150,0.669,0.015,13.672,-57.861,53.894
0.141,0.687,0.060,10.132,-58.899,62.317
0.088,0.763,0.180,12.085,-57.556,67.749
0.076,0.777,0.220,17.273,-55.176,72.510
0.083,0.759,0.266,21.667,-45.227,79.712
0.087,0.743,0.276,17.151,-37.537,84.534
0.046,0.842,0.241,11.597,-32.532,88.867
0.023,0.915,0.280,7.812,-29.663,90.576
0.006,0.970,0.314,8.850,-17.273,86.731
-0.021,0.969,0.311,11.841,-9.949,82.703
-0.038,0.936,0.297,15.808,-4.272,79.041
-0.048,0.917,0.277,23.621,3.845,75.256
-0.045,0.909,0.258,23.499,6.531,75.012
-0.050,0.923,0.230,18.372,8.789,76.355
-0.046,0.993,0.208,11.292,10.742,77.271
-0.039,1.054,0.211,4.272,9.338,73.425
-0.098,1.020,0.218,3.967,9.094,69.885
-0.137,0.977,0.204,3.479,8.362,67.017
-0.166,0.965,0.191,0.793,3.357,67.810
-0.168,0.985,0.189,-0.427,-0.610,68.665
-0.135,1.068,0.240,-2.258,-2.686,67.505
-0.157,1.071,0.257,-5.432,-0.488,63.965
-0.195,1.036,0.245,-11.536,10.559,55.481
-0.214,0.970,0.192,-13.123,13.916,54.626
-0.215,0.984,0.165,-15.381,16.418,55.908
-0.233,1.005,0.141,-25.391,21.667,55.054
-0.257,1.014,0.138,-29.419,23.560,52.673
-0.257,1.057,0.179,-31.616,25.818,49.500
-0.250,1.073,0.202,-33.508,29.541,44.800
-0.269,1.070,0.203,-36.316,42.358,33.752
-0.331,0.979,0.152,-35.583,47.241,30.457
-0.345,0.935,0.121,-33.691,49.866,30.090
-0.355,0.925,0.086,-29.541,52.673,33.813
-0.365,0.951,0.070,-28.259,53.162,34.729
-0.374,1.055,0.082,-27.405,54.382,33.691
-0.364,1.100,0.083,-26.794,56.091,30.212
-0.364,1.123,0.072,-27.710,61.096,17.090
-0.393,1.127,0.026,-29.602,63.721,9.827
-0.424,1.124,-0.014,-31.921,65.186,3.723
-0.439,1.123,-0.050,-34.912,61.584,-4.150
-0.417,1.118,-0.058,-34.912,58.472,-7.324
-0.363,1.140,-0.052,-34.790,56.763,-11.719
-0.329,1.120,-0.020,-34.912,53.284,-20.752
-0.303,1.081,0.031,-38.452,49.438,-31.250
-0.376,1.105,-0.022,-40.283,52.063,-32.043
-0.413,1.085,-0.072,-39.856,54.749,-35.950
-0.417,1.026,-0.122,-36.377,54.565,-42.175
-0.394,0.977,-0.133,-35.828,51.147,-40.222
-0.331,0.931,-0.119,-35.828,48.889,-36.377
-0.303,0.958,-0.109,-34.607,47.180,-32.104
-0.279,1.017,-0.078,-29.541,45.898,-30.212
-0.249,1.135,-0.043,-27.832,48.950,-34.668
-0.259,1.144,-0.095,-25.574,53.711,-41.870
-0.288,1.091,-0.182,-20.569,56.335,-54.871
-0.305,1.012,-0.258,-19.470,51.208,-55.115
-0.254,0.925,-0.290,-20.691,43.701,-51.758
-0.212,0.952,-0.257,-23.621,36.438,-46.997
-0.185,0.999,-0.211,-28.381,27.954,-44.312
-0.144,1.075,-0.144,-28.320,25.940,-47.791
-0.131,1.087,-0.123,-27.588,24.780,-52.917
-0.147,1.073,-0.124,-25.330,27.100,-61.035
-0.202,1.033,-0.185,-21.240,27.283,-62.378
-0.222,0.914,-0.273,-15.625,22.644,-60.730
-0.181,0.897,-0.248,-11.414,15.991,-56.396
-0.151,0.903,-0.230,-10.681,8.789,-47.241
-0.098,0.986,-0.175,-11.536,6.470,-44.434
-0.078,1.027,-0.144,-12.390,4.883,-44.128
-0.066,1.039,-0.132,-14.465,5.493,-49.988
-0.070,1.022,-0.149,-14.404,6.165,-52.551
-0.106,0.932,-0.233,-12.817,5.188,-52.917
-0.107,0.898,-0.268,-10.437,2.441,-50.598
-0.092,0.891,-0.285,-7.141,-5.676,-42.236
-0.056,0.962,-0.274,-6.104,-9.338,-39.001
-0.040,1.012,-0.249,-5.554,-12.451,-37.903
-0.021,1.062,-0.228,-4.150,-15.564,-41.321
-0.002,1.106,-0.212,-2.686,-15.808,-46.509
0.008,1.089,-0.226,-1.831,-15.503,-53.345
-0.026,1.026,-0.260,-1.587,-15.320,-59.021
-0.053,0.944,-0.297,-0.977,-19.104,-58.838
-0.009,0.841,-0.279,-0.549,-23.315,-53.345
0.022,0.846,-0.241,-0.427,-27.039,-47.241
0.047,0.859,-0.202,1.160,-29.968,-39.795
0.061,0.880,-0.173,3.235,-29.785,-37.781
0.068,0.914,-0.139,5.371,-28.931,-36.560
0.056,0.930,-0.172,6.470,-27.405,-35.950
0.042,0.935,-0.221,5.859,-30.090,-35.706
0.064,0.926,-0.219,4.883,-34.607,-35.217
0.076,0.924,-0.212,2.441,-37.537,-34.912
0.080,0.929,-0.217,-6.287,-40.588,-34.668
0.083,0.946,-0.207,-9.460,-42.419,-35.095
0.090,0.961,-0.187,-10.010,-43.701,-36.743
0.095,0.923,-0.185,-8.423,-45.227,-38.940
0.098,0.885,-0.173,-2.869,-49.683,-37.659
0.103,0.835,-0.136,0.183,-50.903,-35.461
0.101,0.802,-0.128,3.418,-51.208,-32.898
0.103,0.784,-0.138,8.118,-51.147,-23.743
0.111,0.777,-0.154,7.874,-52.979,-18.005
0.140,0.819,-0.143,5.432,-55.359,-12.207
0.146,0.865,-0.133,2.075,-56.946,-7.690
0.137,0.887,-0.133,-0.977,-57.983,-6.104
0.134,0.871,-0.091,0.671,-59.204,-6.042
0.135,0.843,-0.059,4.150,-59.631,-5.554
0.144,0.794,-0.050,11.597,-56.030,-1.648
0.160,0.745,-0.067,13.306,-54.932,3.113
0.160,0.660,-0.100,12.756,-56.030,9.827
0.163,0.648,-0.089,9.827,-59.082,18.799
0.163,0.667,-0.042,2.930,-67.261,38.513
0.135,0.678,0.062,4.150,-68.970,46.143
0.126,0.661,0.111,7.385,-69.031,52.612
0.130,0.650,0.174,11.475,-64.148,65.308
0.137,0.664,0.231,13.367,-59.387,72.693
0.109,0.803,0.287,16.724,-54.565,79.651
0.093,0.884,0.314,21.423,-50.842,83.496
0.097,0.939,0.340,28.870,-39.917,79.224
0.076,0.929,0.283,29.053,-32.471,73.547
0.064,0.896,0.254,28.809,-29.724,70.190
0.072,0.913,0.263,23.804,-32.104,69.031
0.052,0.966,0.262,16.724,-31.555,59.082
0.051,0.973,0.213,8.240,-35.400,38.330
0.092,0.903,0.257,0.854,-42.725,20.386
0.094,0.864,0.270,-6.531,-35.034,24.414
0.035,0.788,0.229,-6.409,-29.846,31.677
0.047,0.817,0.227,-5.432,-29.114,38.940
0.067,0.888,0.237,-12.268,-29.236,45.410
0.063,0.958,0.238,-18.494,-27.466,43.701
0.037,1.040,0.286,-21.729,-24.414,41.809
0.016,1.041,0.286,-18.982,-18.372,40.649
-0.009,1.026,0.231,-10.254,-8.545,41.138
-0.029,0.994,0.117,-12.817,-10.620,42.297
-0.022,0.973,0.121,-17.090,-13.733,42.603
-0.025,0.959,0.137,-26.123,-8.240,44.312
-0.046,0.965,0.143,-30.396,-1.526,45.715
-0.078,1.025,0.184,-32.959,5.859,45.837
-0.091,1.038,0.199,-33.691,15.137,44.312
-0.105,1.028,0.196,-28.320,36.377,39.917
-0.150,1.030,0.152,-24.292,45.776,38.757
-0.156,1.043,0.120,-20.874,54.504,37.537
-0.167,1.042,0.082,-18.860,68.909,31.494
-0.193,1.033,0.035,-18.433,72.998,28.015
-0.238,1.015,-0.062,-17.212,74.646,26.306
-0.265,1.066,-0.184,-16.541,73.914,27.283
-0.255,1.102,-0.146,-24.597,50.476,14.832
-0.198,1.149,0.079,-24.597,72.266,13.062
-0.212,1.196,-0.091,-20.935,105.652,13.916
-0.224,1.189,-0.188,-19.531,105.041,2.747
-0.229,1.173,-0.193,-20.508,90.698,-4.211
-0.231,1.108,-0.180,-20.813,82.825,-9.888
-0.228,1.071,-0.221,-21.118,78.125,-12.146
-0.211,1.050,-0.223,-22.400,55.664,-7.202
-0.169,1.087,-0.116,-20.813,48.035,-5.127
-0.149,1.105,-0.104,-16.541,47.424,-6.714
-0.157,1.110,-0.117,-7.324,51.575,-14.587
-0.220,1.055,-0.203,-6.531,52.246,-17.761
-0.212,1.015,-0.221,-7.080,49.683,-18.860
-0.186,0.997,-0.207,-7.141,44.617,-16.846
-0.160,1.014,-0.171,-6.592,35.583,-11.169
-0.105,1.120,-0.079,-6.042,33.997,-12.634
-0.089,1.177,-0.059,-4.761,34.851,-18.005
-0.117,1.194,-0.087,-2.625,40.833,-32.715
-0.252,1.103,-0.253,-2.869,42.236,-37.231
-0.216,1.009,-0.277,-3.784,38.696,-41.138
-0.157,0.949,-0.219,-7.202,30.579,-42.114
-0.121,0.966,-0.141,-16.296,21.912,-35.339
-0.089,1.096,-0.053,-16.724,22.522,-36.987
-0.058,1.131,-0.036,-15.442,24.048,-43.762
-0.062,1.146,-0.062,-15.930,30.151,-60.669
-0.225,1.035,-0.278,-16.541,32.837,-65.979
-0.223,0.953,-0.349,-16.113,29.541,-66.406
-0.155,0.926,-0.326,-19.409,9.827,-55.725
-0.093,0.964,-0.266,-23.315,4.272,-51.514
-0.053,1.071,-0.181,-25.635,1.526,-51.514
-0.046,1.083,-0.172,-24.658,-0.061,-54.077
-0.035,1.080,-0.178,-15.686,-1.587,-58.838
-0.013,1.040,-0.207,-11.108,-1.404,-61.035
0.002,1.010,-0.250,-7.751,-1.343,-62.317
0.027,0.981,-0.279,-6.958,-7.812,-61.157
0.044,0.953,-0.279,-8.972,-12.085,-58.167
0.050,0.936,-0.261,-11.169,-16.052,-56.091
0.066,0.925,-0.232,-12.878,-19.958,-56.335
0.082,0.920,-0.214,-12.268,-21.057,-57.434
0.087,0.898,-0.243,-10.925,-20.691,-56.519
0.091,0.894,-0.243,-9.583,-22.461,-54.565
0.099,0.890,-0.228,-8.484,-26.733,-50.781
0.106,0.885,-0.220,-8.606,-27.527,-48.767
0.119,0.858,-0.199,-8.484,-28.320,-46.631
0.120,0.843,-0.192,-7.996,-29.236,-44.006
0.124,0.836,-0.191,-6.592,-31.189,-36.682
0.137,0.876,-0.172,-5.737,-32.410,-32.898
0.146,0.915,-0.171,-4.761,-32.776,-30.701
0.153,0.944,-0.188,-0.916,-33.203,-31.372
0.155,0.952,-0.205,1.160,-34.668,-32.715
0.159,0.892,-0.228,1.587,-36.682,-33.020
0.167,0.869,-0.214,-0.183,-39.734,-31.921
0.176,0.866,-0.176,-5.859,-45.410,-27.588
0.194,0.896,-0.107,-6.226,-46.143,-25.696
0.206,0.909,-0.096,-4.639,-45.532,-24.292
0.218,0.912,-0.109,-0.366,-42.725,-22.339
0.227,0.918,-0.135,0.183,-42.664,-21.729
0.238,0.914,-0.151,-0.488,-43.823,-21.606
0.238,0.892,-0.149,-2.441,-44.922,-21.729
0.237,0.862,-0.148,-7.080,-46.387,-19.958
0.233,0.823,-0.160,-7.812,-48.035,-16.724
0.235,0.827,-0.144,-7.324,-50.720,-12.329
0.239,0.854,-0.116,-4.761,-55.176,-5.066
0.250,0.883,-0.084,-3.418,-55.786,-3.662
0.266,0.893,-0.066,-1.953,-55.298,-3.235
0.265,0.865,-0.076,-1.221,-55.115,-2.991
0.259,0.824,-0.079,-3.723,-56.641,0.061
0.233,0.751,-0.073,-4.211,-57.678,3.845
0.220,0.719,-0.056,-3.052,-59.937,8.606
0.209,0.699,-0.049,0.122,-71.777,19.165
0.205,0.677,-0.020,1.221,-79.102,25.330
0.212,0.668,0.059,1.770,-78.613,34.302
0.204,0.712,0.056,0.671,-72.266,44.678
0.195,0.793,0.068,-5.615,-65.979,58.777
0.181,0.947,0.182,-6.592,-66.406,59.875
0.171,0.967,0.228,-5.066,-64.575,58.533
0.173,0.959,0.251,-0.122,-52.612,54.382
0.180,0.942,0.243,0.977,-45.654,51.941
0.156,0.911,0.133,0.793,-42.114,49.438
0.153,0.908,0.120,-0.305,-43.762,47.302
0.149,0.907,0.133,-3.784,-53.894,44.067
0.118,0.875,0.122,-3.479,-57.495,44.067
0.107,0.844,0.100,-3.540,-58.716,46.082
0.102,0.829,0.070,-10.254,-57.251,55.969
0.090,0.824,0.049,-15.991,-58.594,61.584
0.107,0.862,0.098,-22.156,-60.730,66.162
0.129,0.918,0.142,-26.733,-60.364,68.726
0.131,0.971,0.153,-29.663,-46.021,66.895
0.089,0.997,0.196,-30.457,-36.072,64.758
0.069,1.005,0.182,-30.151,-23.193,62.439
0.055,0.995,0.134,-24.536,-0.305,56.091
0.037,0.965,0.092,-22.522,5.127,55.786
0.031,0.933,0.019,-22.461,7.202,57.495
0.033,0.958,0.040,-23.865,7.629,58.838
0.023,0.986,0.056,-22.949,16.418,54.871
0.011,1.017,0.065,-21.606,21.362,52.673
0.007,1.026,0.057,-20.447,26.062,50.781
-0.009,1.016,0.037,-21.179,34.119,45.532
-0.027,1.003,0.029,-22.766,37.231,44.006
-0.032,0.982,0.018,-24.109,40.771,42.847
-0.035,0.978,0.028,-25.452,43.030,41.809
-0.040,0.989,0.030,-24.414,50.720,38.635
-0.052,0.999,-0.048,-23.926,55.542,34.302
-0.072,0.998,-0.072,-25.940,56.763,29.968
-0.098,1.002,-0.075,-31.494,56.274,25.696
-0.115,1.017,-0.073,-31.433,58.289,23.560
-0.137,1.044,-0.076,-30.945,59.937,20.386
-0.142,1.039,-0.057,-30.518,59.814,17.395
-0.135,1.033,-0.027,-25.696,63.171,13.184
-0.134,1.019,-0.063,-21.606,68.665,11.475
-0.142,0.998,-0.106,-18.860,73.608,10.071
-0.156,0.977,-0.141,-20.569,77.637,8.545
-0.165,0.970,-0.169,-22.827,76.904,7.690
-0.156,1.012,-0.165,-24.719,75.195,5.981
-0.157,1.029,-0.152,-25.940,74.646,3.235
-0.164,1.033,-0.149,-26.062,76.904,-2.075
-0.179,1.071,-0.204,-24.536,77.637,-4.639
-0.165,1.104,-0.196,-23.560,76.843,-7.874
-0.191,1.098,-0.179,-19.165,80.078,-17.822
-0.227,1.053,-0.221,-15.503,80.322,-19.348
-0.169,1.003,-0.273,-13.855,74.829,-17.578
-0.143,1.027,-0.276,-13.794,69.336,-15.381
-0.113,1.089,-0.238,-16.479,65.430,-21.057
-0.078,1.190,-0.222,-18.127,68.787,-31.067
-0.097,1.203,-0.242,-18.494,73.547,-43.640
-0.163,1.170,-0.287,-19.104,75.500,-65.552
-0.209,1.095,-0.348,-19.653,68.420,-67.139
-0.178,1.004,-0.373,-20.081,57.129,-61.584
-0.163,0.988,-0.362,-20.386,47.058,-53.650
-0.148,0.974,-0.367,-19.531,35.950,-42.786
-0.055,1.039,-0.331,-18.982,31.799,-40.527
-0.008,1.105,-0.299,-18.372,29.663,-42.175
-0.015,1.147,-0.293,-14.832,32.837,-56.458
-0.067,1.143,-0.327,-13.000,34.241,-62.317
-0.145,1.022,-0.435,-10.803,32.043,-64.331
-0.108,0.951,-0.437,-8.362,25.513,-62.256
-0.054,0.917,-0.391,-7.996,10.437,-53.162
0.001,0.970,-0.310,-9.888,7.751,-50.842
0.007,0.998,-0.284,-11.353,7.568,-52.185
-0.017,1.012,-0.291,-11.047,10.742,-58.167
-0.044,1.007,-0.319,-9.277,10.254,-59.570
-0.056,0.928,-0.364,-6.592,7.629,-59.265
-0.026,0.877,-0.364,-3.662,3.113,-57.007
0.011,0.865,-0.333,-2.258,-6.958,-49.438
0.036,0.913,-0.273,-2.869,-8.545,-48.401
0.037,0.923,-0.267,-3.052,-8.606,-49.438
0.037,0.935,-0.270,0.061,-9.399,-50.537
0.039,0.921,-0.276,2.441,-9.705,-51.086
0.049,0.856,-0.317,4.028,-9.949,-49.561
0.053,0.860,-0.350,4.883,-11.292,-45.471
0.064,0.885,-0.360,5.371,-19.531,-37.292
0.090,0.923,-0.345,3.967,-22.949,-35.706
0.098,0.920,-0.357,1.709,-25.574,-34.912
0.111,0.920,-0.342,-3.357,-32.654,-33.386
0.125,0.922,-0.302,-4.822,-34.119,-33.569
0.132,0.872,-0.284,-4.883,-34.180,-33.264
0.139,0.836,-0.292,-3.723,-35.156,-30.884
0.149,0.827,-0.286,-1.648,-39.429,-21.729
0.168,0.857,-0.257,-1.587,-40.466,-18.921
0.181,0.884,-0.240,-2.075,-41.077,-17.456
0.195,0.914,-0.235,-3.174,-41.626,-16.968
0.204,0.921,-0.227,-3.906,-42.175,-18.127
0.215,0.868,-0.145,-4.944,-41.809,-18.616
0.218,0.838,-0.115,-5.554,-39.185,-18.066
0.213,0.817,-0.099,-2.014,-31.738,-12.451
0.211,0.795,-0.087,2.563,-28.931,-8.606
0.211,0.795,-0.108,7.751,-26.367,-4.272
0.212,0.808,-0.131,15.991,-25.757,3.479
0.221,0.816,-0.123,17.273,-26.367,6.165
0.239,0.868,-0.094,16.907,-25.024,8.484
0.244,0.909,-0.100,15.381,-22.461,9.521
0.247,0.943,-0.097,11.719,-19.287,7.080
0.258,0.978,-0.098,10.925,-18.127,4.395
0.261,0.961,-0.084,10.559,-17.334,1.221
0.260,0.938,-0.064,9.583,-14.343,-3.418
0.257,0.926,-0.064,10.193,-12.390,-4.517
0.263,0.934,-0.099,12.146,-11.536,-4.761
0.271,0.950,-0.121,13.489,-11.536,-4.822
0.277,0.956,-0.136,7.263,-11.414,-6.531
0.276,0.930,-0.141,1.160,-11.108,-7.141
0.266,0.901,-0.147,-3.784,-10.742,-6.958
0.259,0.864,-0.168,-5.737,-10.864,-2.197
0.255,0.846,-0.196,-5.127,-12.329,3.113
0.230,0.908,-0.266,-4.883,-14.465,7.874
0.212,0.933,-0.311,-4.517,-17.883,10.498
0.209,0.941,-0.343,-3.418,-30.579,12.756
0.209,0.919,-0.365,-4.333,-37.415,13.550
0.203,0.897,-0.367,-7.324,-43.518,14.404
0.194,0.890,-0.359,-16.663,-54.687,17.761
0.193,0.917,-0.331,-20.996,-58.777,18.921
0.189,1.018,-0.284,-22.888,-61.035,17.761
0.185,1.007,-0.296,-21.057,-62.866,13.916
0.189,0.949,-0.294,-14.343,-69.580,6.714
0.156,0.782,-0.264,-12.329,-72.144,6.531
0.125,0.690,-0.277,-10.010,-73.853,9.521
0.118,0.595,-0.272,-3.540,-81.482,25.269
0.119,0.523,-0.242,-2.747,-84.351,37.415
0.109,0.519,-0.197,-3.967,-85.999,50.415
0.104,0.544,-0.148,-6.042,-87.463,61.707
0.099,0.569,-0.076,-10.620,-84.167,78.308
0.074,0.710,0.071,-10.864,-79.163,84.595
0.073,0.784,0.136,-8.179,-73.975,88.257
0.071,0.841,0.175,4.456,-62.378,89.111
0.009,0.862,0.127,11.536,-56.274,86.670
0.005,0.853,0.097,16.052,-52.979,84.595
0.008,0.863,0.085,17.883,-51.086,84.045
0.016,0.838,0.044,14.893,-43.091,80.322
-0.001,0.727,0.010,7.751,-44.983,82.153
-0.030,0.731,0.043,-2.502,-49.927,89.722
-0.074,0.798,-0.005,-24.780,-64.270,99.304
-0.124,0.835,0.074,-34.790,-86.548,92.590
-0.117,0.847,0.234,-38.391,-96.802,92.590
-0.138,0.873,0.253,-33.691,-80.383,102.295
-0.158,0.885,0.190,-24.353,-40.649,119.507
-0.188,0.967,0.171,-24.658,-34.119,124.023
-0.177,0.995,0.171,-23.621,-27.344,126.892
-0.157,0.996,0.164,-24.963,-8.362,131.775
-0.187,1.003,0.137,-27.771,2.869,133.667
-0.216,1.018,0.117,-30.640,13.245,133.789
-0.245,1.055,0.134,-34.668,31.677,126.953
-0.276,1.084,0.118,-34.790,44.006,118.286
-0.291,1.035,0.019,-37.292,51.636,109.619
-0.285,1.038,0.042,-42.297,53.345,103.699
-0.275,1.045,0.093,-47.974,60.669,90.088
-0.289,0.992,0.133,-47.913,68.848,81.360
-0.322,0.968,0.102,-46.326,77.393,74.463
-0.349,0.967,0.058,-45.288,90.149,65.063
-0.391,0.990,0.012,-47.119,94.177,58.777
-0.452,1.006,-0.066,-49.194,95.459,50.415
-0.486,1.019,-0.076,-52.612,94.116,41.321
-0.537,1.052,-0.093,-61.829,92.468,24.475
-0.554,1.196,-0.044,-65.979,89.783,15.747
-0.527,1.280,0.019,-66.162,87.341,5.310
-0.497,1.329,0.048,-44.922,93.140,-22.461
-0.505,1.332,-0.005,-32.410,99.304,-38.513
-0.723,1.187,-0.208,-26.550,105.896,-55.603
-0.747,1.035,-0.349,-24.536,119.385,-69.946
-0.697,0.918,-0.516,-33.569,117.676,-66.772
-0.564,1.018,-0.432,-44.495,95.154,-54.810
-0.523,1.143,-0.339,-52.490,80.017,-49.438
-0.511,1.197,-0.297,-54.077,78.003,-62.012
-0.514,1.188,-0.304,-50.354,80.383,-67.993
-0.455,1.150,-0.319,-45.837,80.261,-71.106
-0.433,1.137,-0.316,-41.321,79.102,-72.510
-0.436,1.105,-0.356,-32.410,74.097,-71.289
-0.478,0.968,-0.462,-31.799,66.589,-66.956
-0.477,0.913,-0.487,-35.095,58.105,-60.608
-0.435,0.918,-0.448,-45.105,43.518,-49.744
-0.378,0.985,-0.352,-45.349,41.748,-50.659
-0.279,1.095,-0.188,-41.443,44.983,-56.641
-0.302,1.100,-0.196,-36.194,51.025,-64.392
-0.419,1.036,-0.333,-26.245,56.641,-70.923
-0.444,0.756,-0.507,-24.719,45.044,-64.453
-0.383,0.742,-0.432,-27.954,30.396,-52.979
-0.341,0.824,-0.377,-32.959,21.851,-39.001
-0.305,0.931,-0.338,-29.724,21.790,-40.649
-0.251,1.054,-0.286,-24.414,22.644,-44.983
-0.286,1.052,-0.328,-19.714,24.902,-49.194
-0.329,0.994,-0.411,-14.343,25.818,-53.284
-0.307,0.862,-0.490,-13.916,19.714,-50.659
-0.270,0.866,-0.477,-15.320,11.719,-46.814
-0.240,0.902,-0.437,-19.226,1.282,-45.715
-0.223,0.942,-0.391,-19.226,0.793,-49.194
-0.229,0.993,-0.357,-17.639,1.648,-53.894
-0.265,0.984,-0.378,-15.381,2.502,-58.716
-0.290,0.940,-0.418,-10.010,-1.099,-62.805
-0.236,0.889,-0.420,-8.240,-7.080,-60.608
-0.210,0.896,-0.388,-8.179,-12.207,-58.960
-0.187,0.915,-0.364,-9.583,-14.648,-61.279
-0.163,0.958,-0.344,-9.277,-13.733,-63.965
-0.185,1.075,-0.378,-7.324,-11.719,-68.237
-0.236,1.069,-0.448,-3.784,-10.132,-73.608
-0.235,0.998,-0.478,0.854,-18.555,-79.773
-0.152,0.901,-0.440,-1.953,-23.804,-78.003
-0.127,0.897,-0.422,-6.897,-27.222,-76.660
-0.102,0.914,-0.385,-13.916,-32.104,-77.942
-0.070,0.942,-0.341,-14.709,-31.799,-80.017
-0.061,0.925,-0.361,-14.465,-29.419,-82.214
-0.100,0.860,-0.427,-13.733,-27.954,-83.130
-0.098,0.774,-0.467,-9.766,-36.987,-75.256
0.003,0.722,-0.410,-8.118,-43.213,-67.505
0.038,0.753,-0.382,-7.690,-46.387,-60.547
0.062,0.805,-0.350,-4.272,-48.279,-52.002
0.085,0.867,-0.320,0.122,-47.546,-51.270
0.093,0.933,-0.347,5.493,-45.715,-53.284
0.095,0.894,-0.377,9.277,-44.739,-56.824
0.106,0.851,-0.387,7.568,-47.119,-58.411
0.136,0.785,-0.368,4.089,-49.194,-56.641
0.149,0.770,-0.350,0.977,-51.208,-53.772
0.159,0.763,-0.341,-2.991,-54.016,-46.387
0.170,0.757,-0.331,-4.028,-55.664,-41.809
0.197,0.755,-0.302,-3.967,-57.190,-36.926
0.208,0.736,-0.293,-2.991,-58.228,-32.532
0.214,0.716,-0.303,-1.038,-59.509,-23.804
0.239,0.731,-0.282,-1.343,-60.974,-19.104
0.253,0.776,-0.262,-2.563,-61.646,-15.076
0.260,0.797,-0.245,-3.723,-61.035,-12.878
0.257,0.775,-0.239,-3.662,-60.364,-11.719
0.250,0.721,-0.288,-3.967,-60.608,-8.484
0.258,0.725,-0.274,-4.944,-62.988,-3.906
0.257,0.746,-0.230,-7.202,-66.528,3.113
0.246,0.771,-0.188,-5.676,-65.735,5.005
0.248,0.800,-0.182,-2.136,-65.063,7.202
0.257,0.822,-0.177,8.362,-62.927,7.080
0.256,0.814,-0.184,11.047,-62.317,8.362
0.247,0.827,-0.209,10.071,-63.110,10.071
0.255,0.782,-0.219,5.737,-64.087,8.789
0.267,0.725,-0.187,-5.798,-67.078,8.789
0.288,0.764,-0.094,-6.714,-66.345,12.390
0.287,0.761,-0.089,-2.625,-64.453,14.404
0.273,0.713,-0.109,3.052,-64.026,20.813
0.259,0.658,-0.136,0.000,-66.406,28.931
0.241,0.604,-0.169,-6.042,-68.298,38.025
0.228,0.591,-0.177,-13.489,-69.702,46.570
0.233,0.595,-0.130,-28.687,-74.768,63.416
0.239,0.760,0.025,-31.616,-74.158,71.167
0.233,0.876,0.072,-28.625,-71.167,75.989
0.219,0.953,0.076,-17.456,-62.561,73.181
0.196,0.950,0.010,-14.648,-62.378,68.726
0.171,0.765,-0.082,-14.771,-67.688,69.214
0.172,0.708,-0.069,-18.860,-73.730,76.050
0.169,0.700,-0.025,-31.555,-74.158,89.966
0.142,0.841,0.076,-34.424,-66.711,91.919
0.114,0.919,0.071,-32.532,-56.335,90.393
0.084,0.957,0.046,-25.269,-42.664,84.900
0.059,0.953,-0.014,-25.208,-42.175,84.900
0.042,0.915,-0.117,-29.175,-46.326,86.792
0.033,0.930,-0.139,-36.011,-53.162,86.182
0.039,0.935,-0.087,-50.720,-71.228,73.914
0.035,0.944,0.045,-49.927,-63.965,73.669
0.026,0.934,-0.002,-43.823,-48.218,74.890
0.026,0.923,-0.042,-36.682,-28.748,73.608
0.022,0.907,-0.070,-37.231,-22.156,71.655
-0.003,0.880,-0.089,-38.208,-15.869,70.313
-0.026,0.884,-0.086,-37.354,-10.254,70.374
-0.043,0.899,-0.072,-34.790,-2.197,72.021
-0.074,0.902,-0.074,-33.875,1.770,72.205
-0.087,0.888,-0.084,-33.508,4.944,73.059
-0.100,0.866,-0.096,-36.133,13.245,77.332
-0.114,0.857,-0.108,-39.429,18.799,80.017
-0.155,0.876,-0.116,-44.434,22.827,82.764
-0.182,0.943,-0.096,-48.950,27.466,84.351
-0.203,0.976,-0.119,-48.889,40.588,75.684
-0.234,0.987,-0.145,-47.607,44.128,71.716
-0.253,1.008,-0.160,-47.119,48.279,69.275
-0.263,1.019,-0.170,-47.241,58.350,61.096
-0.264,1.022,-0.174,-47.119,63.782,55.969
-0.282,0.973,-0.241,-47.363,67.139,51.697
-0.296,0.959,-0.266,-49.072,67.749,49.744
-0.311,0.972,-0.284,-53.101,68.970,45.959
-0.347,1.033,-0.278,-53.894,71.289,42.175
-0.365,1.046,-0.288,-52.673,76.538,37.170
-0.379,1.039,-0.312,-45.715,88.196,26.611
-0.398,1.027,-0.358,-42.297,91.980,22.095
-0.440,0.993,-0.489,-41.077,92.163,18.799
-0.449,1.005,-0.518,-42.908,89.111,16.418
-0.447,1.022,-0.517,-51.697,78.430,10.010
-0.411,1.047,-0.423,-55.359,74.158,5.859
-0.401,1.059,-0.388,-56.519,73.425,1.221
-0.401,1.058,-0.380,-49.255,80.078,-10.193
-0.422,1.051,-0.391,-42.786,85.144,-14.771
-0.508,1.011,-0.505,-37.170,89.905,-18.738
-0.514,0.960,-0.566,-33.936,90.515,-23.315
-0.492,0.926,-0.568,-35.583,77.271,-32.471
-0.419,0.989,-0.481,-36.255,73.425,-36.560
-0.390,1.039,-0.440,-34.546,73.669,-41.931
-0.387,1.078,-0.415,-24.292,80.261,-57.251
-0.405,1.085,-0.425,-17.639,86.670,-64.697
-0.525,0.971,-0.622,-13.062,91.431,-68.298
-0.535,0.889,-0.728,-14.099,87.769,-66.284
-0.489,0.872,-0.706,-30.945,59.448,-52.368
-0.390,1.051,-0.500,-34.668,52.185,-48.279
-0.360,1.142,-0.433,-30.884,51.758,-50.049
-0.339,1.199,-0.397,-11.353,58.594,-68.237
-0.351,1.204,-0.414,-2.075,63.843,-80.017
-0.455,1.013,-0.620,2.136,67.078,-88.684
-0.447,0.882,-0.685,-0.305,62.134,-91.797
-0.409,0.804,-0.671,-13.977,35.278,-82.703
-0.333,0.827,-0.546,-16.663,27.161,-75.256
-0.313,0.888,-0.485,-15.198,23.926,-70.679
-0.298,0.916,-0.443,-4.150,25.208,-75.562
-0.294,0.892,-0.445,1.038,27.588,-78.491
-0.337,0.799,-0.559,2.686,28.381,-79.224
-0.342,0.729,-0.616,1.221,25.940,-78.918
-0.322,0.682,-0.629,-6.897,11.292,-71.350
-0.260,0.733,-0.546,-10.010,5.493,-66.101
-0.236,0.800,-0.507,-11.108,3.113,-62.195
-0.223,0.861,-0.475,-8.728,2.075,-60.852
-0.220,0.888,-0.463,-4.456,2.686,-62.317
-0.237,0.869,-0.476,0.488,3.113,-65.186
-0.251,0.823,-0.511,4.700,4.395,-68.604
-0.246,0.785,-0.548,6.592,2.136,-68.665
-0.192,0.739,-0.577,5.005,-2.808,-64.331
-0.161,0.765,-0.566,2.991,-8.728,-57.373
-0.131,0.812,-0.534,-0.488,-16.724,-46.875
-0.113,0.868,-0.502,-1.892,-17.456,-45.410
-0.102,0.943,-0.490,-1.953,-17.395,-46.570
-0.093,0.932,-0.492,0.061,-17.395,-49.500
-0.086,0.900,-0.508,3.723,-17.517,-54.199
-0.079,0.857,-0.560,3.967,-19.287,-54.749
-0.067,0.859,-0.560,3.418,-22.705,-54.443
-0.049,0.885,-0.533,2.502,-30.273,-50.415
-0.019,0.964,-0.477,3.723,-32.104,-49.622
-0.010,0.974,-0.458,6.531,-32.593,-51.208
-0.003,0.954,-0.458,11.047,-31.738,-53.894
0.002,0.931,-0.466,20.081,-30.457,-56.091
0.016,0.889,-0.485,22.461,-31.372,-55.725
0.030,0.876,-0.481,22.400,-33.630,-54.749
0.046,0.872,-0.471,17.395,-39.368,-52.856
0.074,0.872,-0.419,14.954,-41.992,-52.856
0.079,0.855,-0.399,13.916,-42.419,-53.406
0.078,0.841,-0.412,14.893,-41.260,-51.147
0.085,0.823,-0.425,14.893,-43.579,-49.561
0.120,0.807,-0.414,13.733,-46.509,-47.546
0.141,0.817,-0.398,11.902,-48.767,-45.532
0.164,0.824,-0.376,9.277,-51.147,-43.945
0.180,0.807,-0.357,8.545,-51.453,-44.861
0.185,0.776,-0.367,7.568,-50.842,-45.593
0.191,0.762,-0.386,2.319,-51.270,-43.030
0.197,0.805,-0.393,-0.854,-52.917,-47.913
0.216,0.789,-0.372,-2.991,-54.321,-52.002
0.211,0.879,-0.343,-4.272,-56.152,-53.650
0.250,0.767,-0.276,-3.723,-56.580,-60.181
0.271,0.799,-0.265,-1.221,-53.833,-36.499
0.263,0.838,-0.257,3.723,-52.856,-19.958
0.266,0.779,-0.284,13.184,-50.964,-20.447
0.277,0.708,-0.316,11.230,-52.795,-17.761
0.311,0.688,-0.271,6.897,-55.298,-12.451
0.320,0.709,-0.222,4.028,-56.213,-8.240
0.315,0.717,-0.196,7.202,-52.734,-5.493
0.279,0.675,-0.235,9.277,-51.086,-3.113
0.270,0.648,-0.271,8.850,-50.781,1.465
0.276,0.645,-0.270,1.038,-55.420,15.076
0.291,0.666,-0.236,-1.831,-57.068,21.423
0.317,0.722,-0.146,-2.075,-56.580,26.306
0.317,0.736,-0.132,-0.122,-53.284,30.457
0.306,0.749,-0.147,3.784,-47.729,36.926
0.280,0.771,-0.172,4.028,-47.913,38.025
0.274,0.794,-0.178,3.113,-48.523,38.818
0.275,0.817,-0.181,-0.244,-48.279,37.964
0.276,0.825,-0.172,-1.831,-47.974,36.499
0.257,0.846,-0.132,-2.380,-47.424,36.133
0.253,0.880,-0.109,-1.221,-46.692,36.987
0.252,0.918,-0.088,4.822,-42.847,36.743
0.249,0.925,-0.076,7.751,-39.673,34.790
0.250,0.902,-0.075,8.423,-36.865,32.776
0.247,0.877,-0.091,5.127,-33.325,30.457
0.241,0.863,-0.109,2.747,-33.020,30.090
0.233,0.878,-0.118,0.244,-32.593,29.846
0.235,0.899,-0.115,-1.770,-31.677,29.541
0.232,0.916,-0.106,-2.869,-30.640,28.687
0.223,0.890,-0.102,-3.479,-30.396,28.809
0.225,0.878,-0.107,-4.150,-30.151,30.212
0.223,0.873,-0.114,-2.136,-28.992,35.217
0.221,0.869,-0.120,-1.221,-28.503,37.720
0.226,0.851,-0.119,-1.648,-28.259,39.978
0.225,0.836,-0.127,-3.174,-28.198,42.236
0.222,0.828,-0.145,-7.812,-27.039,48.584
0.200,0.832,-0.192,-11.230,-25.818,53.345
0.190,0.841,-0.214,-14.893,-25.269,57.312
0.183,0.843,-0.188,-23.315,-30.518,64.575
0.169,0.892,-0.123,-25.818,-29.114,65.979
0.134,0.932,-0.060,-25.757,-24.475,61.768
0.117,0.890,-0.075,-24.231,-19.287,56.885
0.098,0.853,-0.103,-22.888,-13.733,58.960
0.072,0.849,-0.129,-23.804,-13.367,62.134
0.069,0.876,-0.100,-24.170,-13.367,65.002
0.068,0.929,-0.070,-19.104,-6.592,68.054
0.067,0.953,-0.058,-15.137,-1.953,66.467
0.073,0.920,-0.062,-12.451,1.831,65.796
0.065,0.904,-0.064,-11.353,5.737,65.796
0.033,0.886,-0.090,-11.108,13.123,63.660
0.004,0.839,-0.134,-14.099,13.123,61.584
0.008,0.827,-0.124,-18.982,11.658,60.303
0.018,0.824,-0.110,-27.527,10.254,61.646
0.028,0.831,-0.094,-29.785,11.475,63.232
0.021,0.838,-0.084,-31.677,13.794,64.514
0.004,0.858,-0.097,-33.875,16.418,66.101
-0.021,0.872,-0.115,-38.818,21.729,66.345
-0.069,0.880,-0.155,-42.114,23.254,65.430
-0.087,0.891,-0.144,-45.593,23.499,65.369
-0.102,0.915,-0.124,-48.584,27.161,66.589
-0.118,0.949,-0.102,-46.814,32.349,65.125
-0.159,0.981,-0.117,-43.884,38.452,61.829
-0.180,0.980,-0.135,-41.138,43.457,58.594
-0.199,0.980,-0.159,-38.574,49.805,55.847
-0.218,1.027,-0.179,-38.269,51.636,54.443
-0.235,1.045,-0.188,-37.476,54.199,50.903
-0.259,1.019,-0.232,-37.354,58.838,41.443
-0.277,0.987,-0.260,-40.161,58.533,39.795
-0.305,0.992,-0.276,-42.480,60.364,38.086
-0.313,1.002,-0.296,-43.579,63.110,35.400
-0.320,1.018,-0.300,-43.945,63.354,29.480
-0.345,1.044,-0.305,-42.419,64.575,25.391
-0.351,1.051,-0.309,-40.527,66.406,21.179
-0.361,1.068,-0.323,-33.508,70.679,13.489
-0.372,1.083,-0.354,-29.480,72.449,9.399
-0.375,1.108,-0.393,-27.039,73.242,4.944
-0.370,1.118,-0.397,-25.757,73.242,-0.061
-0.382,1.116,-0.416,-23.926,70.801,-11.414
-0.420,1.065,-0.480,-23.376,68.481,-16.724
-0.422,1.037,-0.494,-23.621,66.528,-21.790
-0.419,1.016,-0.502,-25.635,63.232,-31.677
-0.401,1.010,-0.482,-26.489,60.059,-36.133
-0.349,1.058,-0.382,-25.146,58.899,-41.260
-0.329,1.066,-0.356,-20.508,61.768,-47.974
-0.342,1.070,-0.366,-7.080,75.439,-60.791
-0.390,1.025,-0.520,-2.258,78.552,-64.514
-0.376,0.995,-0.567,-1.648,73.425,-65.002
-0.351,0.984,-0.556,-8.789,52.429,-58.350
-0.322,0.976,-0.501,-12.024,46.753,-55.786
-0.290,0.968,-0.419,-13.000,45.532,-55.054
-0.276,0.972,-0.390,-12.329,46.204,-55.786
-0.265,0.987,-0.380,-6.226,48.828,-58.716
-0.272,0.999,-0.461,-1.343,47.913,-60.242
-0.294,0.994,-0.517,1.465,44.678,-61.340
-0.296,0.976,-0.550,-1.221,36.743,-63.843
-0.271,0.946,-0.538,-4.883,32.532,-65.063
-0.230,0.943,-0.429,-8.423,29.175,-64.697
-0.218,0.982,-0.379,-9.583,27.405,-64.026
-0.213,0.992,-0.351,-0.488,27.832,-68.542
-0.225,0.915,-0.399,5.432,29.480,-70.374
-0.236,0.874,-0.464,9.033,30.334,-69.214
-0.230,0.843,-0.504,6.592,25.024,-64.453
-0.212,0.839,-0.504,2.808,21.545,-64.758
-0.168,0.869,-0.460,0.244,19.470,-67.078
-0.155,0.883,-0.447,-0.427,17.578,-68.909
-0.139,0.893,-0.431,0.366,13.000,-67.871
-0.107,0.951,-0.417,1.526,11.963,-67.261
-0.102,0.950,-0.427,3.418,11.841,-69.580
-0.112,0.926,-0.473,7.446,9.460,-72.937