aX,aY,aZ,gX,gY,gZ
-0.553,2.196,1.658,-533.630,-171.204,173.645
-0.447,3.008,2.227,-439.270,-140.442,158.264
-0.424,3.300,2.332,-76.111,69.824,-67.261
-0.576,2.303,1.463,39.429,157.776,-179.993
-0.698,1.899,1.125,87.463,197.449,-232.788
-0.810,1.585,0.955,112.000,224.487,-263.367
-0.893,1.286,0.770,116.089,251.160,-266.479
-0.926,1.038,-0.097,112.915,279.419,-261.230
-0.921,1.036,-0.876,102.173,296.936,-255.066
-1.018,0.981,-2.115,3.113,290.161,-257.446
-1.646,0.000,-4.000,-92.957,178.223,-248.840
-1.913,-0.673,-4.000,-218.628,-68.604,-197.205
-1.851,-0.893,-3.833,-431.763,-454.468,32.104
-1.567,-0.581,-2.727,-436.584,-504.822,122.620
-0.874,0.337,0.245,-372.498,-490.662,156.799
-0.533,0.679,1.529,-285.828,-441.101,153.564
-0.186,1.103,2.531,-128.967,-277.954,123.047
0.288,2.035,2.915,-51.941,-177.246,97.107
0.418,2.294,2.560,23.499,-91.797,56.763
0.443,2.270,2.046,152.588,1.343,-63.843
0.385,1.972,1.452,189.270,13.367,-119.202
0.204,1.081,0.345,186.218,10.437,-148.560
0.155,0.796,-0.051,141.541,-2.136,-147.461
0.162,0.658,-0.241,6.165,-45.471,-103.210
0.254,0.581,-0.101,-45.898,-59.448,-82.764
0.306,0.538,0.006,-71.655,-58.105,-66.895
0.352,0.517,0.068,-74.646,-31.006,-36.865
0.377,0.571,0.130,-65.002,-17.456,-24.841
0.385,0.755,0.180,-47.180,-2.991,-19.287
0.375,0.800,0.129,-30.701,10.864,-18.494
0.346,0.810,0.046,-14.771,24.536,-20.752
0.315,0.831,-0.094,-14.099,21.851,-20.630
0.323,0.870,-0.110,-17.883,15.930,-18.677
0.337,0.915,-0.122,-30.884,5.371,-16.296
0.348,0.940,-0.136,-35.156,1.099,-17.822
0.355,0.929,-0.125,-34.729,-1.404,-19.714
0.357,0.911,-0.120,-23.926,0.305,-20.752
0.352,0.886,-0.125,28.809,12.207,-20.935
0.323,0.827,-0.134,41.504,15.503,-20.203
0.312,0.803,-0.139,36.682,15.686,-18.372
0.307,0.792,-0.133,17.029,12.268,-10.559
0.308,0.806,-0.109,10.742,10.986,-5.981
0.321,0.872,-0.054,6.409,10.681,-3.174
0.326,0.898,-0.057,3.113,10.864,-2.563
0.330,0.912,-0.057,0.122,6.042,-5.859
0.322,0.891,-0.012,4.395,2.258,-8.484
0.316,0.864,-0.021,12.817,0.305,-10.010
0.318,0.850,-0.068,23.071,0.305,-5.859
0.329,0.889,-0.162,22.888,-2.502,-3.418
0.333,0.905,-0.129,18.433,-9.033,-3.357
0.339,0.907,-0.065,9.155,-15.564,-5.249
0.340,0.896,-0.015,-10.254,-16.113,-10.254
0.341,0.853,0.016,-13.062,-12.146,-11.536
0.347,0.842,0.019,-13.489,-8.057,-10.986
0.349,0.844,0.007,-17.822,0.610,-6.836
0.347,0.870,-0.104,-19.043,1.099,-5.005
0.359,0.890,-0.103,-20.813,-3.723,-4.089
0.369,0.895,-0.073,-15.259,-10.376,-5.981
0.371,0.885,-0.061,-7.935,-8.911,-6.531
0.368,0.866,-0.059,-3.845,-6.836,-5.798
0.365,0.862,-0.056,-3.662,-3.906,-4.517
0.362,0.862,-0.065,-10.803,4.089,-1.587
0.359,0.875,-0.076,-16.052,6.104,-0.244
0.364,0.878,-0.053,-18.799,5.981,0.488
0.366,0.877,-0.025,-17.578,6.653,0.000
0.363,0.872,-0.017,-18.066,8.667,-0.305
0.352,0.865,-0.046,-18.311,10.071,0.427
0.349,0.866,-0.061,-16.541,10.315,2.014
0.346,0.866,-0.072,-16.479,8.667,5.920
0.337,0.866,-0.078,-18.066,8.362,7.324
0.333,0.864,-0.089,-17.944,8.545,8.240
0.330,0.863,-0.111,-17.883,6.714,9.338
0.324,0.858,-0.129,-20.691,3.235,9.827
0.313,0.833,-0.113,-23.804,-0.183,10.925
0.309,0.834,-0.106,-25.452,-1.099,12.634
0.308,0.846,-0.120,-29.297,3.540,15.625
0.307,0.862,-0.164,-26.917,4.211,15.991
0.306,0.858,-0.152,-21.301,2.563,16.113
0.303,0.862,-0.131,-15.381,1.709,17.395
0.300,0.873,-0.126,-12.756,4.639,17.395
0.295,0.887,-0.153,-8.667,7.141,16.968
0.292,0.891,-0.163,-5.493,7.874,16.663
0.290,0.896,-0.173,-0.122,6.531,16.663
0.282,0.895,-0.182,3.357,5.188,16.785
0.276,0.887,-0.183,5.066,3.174,17.456
0.273,0.887,-0.171,1.343,-1.892,20.935
0.277,0.902,-0.152,1.282,-3.052,22.278
0.287,0.940,-0.129,3.662,-3.784,21.851
0.280,0.923,-0.117,5.859,-4.578,20.081
0.268,0.900,-0.109,5.005,-2.930,19.592
0.252,0.907,-0.117,4.028,-0.366,21.118
0.258,0.934,-0.118,4.700,2.136,22.400
0.266,0.964,-0.126,7.202,7.141,21.240
0.269,0.983,-0.144,10.193,8.423,18.921
0.269,0.988,-0.179,13.611,7.935,17.151
0.265,0.986,-0.172,15.015,5.493,16.174
0.255,0.982,-0.148,11.047,2.075,14.648
0.224,0.961,-0.142,8.301,3.174,14.038
0.226,0.971,-0.160,6.287,4.089,14.954
0.237,1.006,-0.164,4.700,2.441,17.273
0.244,1.035,-0.157,7.019,1.831,14.648
0.236,1.008,-0.153,9.766,1.831,10.803
0.223,0.980,-0.142,10.620,1.892,8.240
0.213,0.971,-0.132,6.653,1.953,8.972
0.210,0.991,-0.122,4.883,1.953,9.521
0.216,1.001,-0.125,4.761,2.014,9.338
0.220,1.016,-0.130,5.981,0.732,8.850
0.222,1.037,-0.141,6.165,-1.160,7.751
0.224,1.067,-0.180,7.019,-4.944,5.005
0.226,1.062,-0.185,8.789,-10.864,0.488
0.223,1.030,-0.171,11.536,-22.766,-7.568
0.215,0.955,-0.087,7.935,-23.621,-7.019
0.213,0.953,-0.058,-0.183,-19.470,-3.418
0.219,0.977,-0.070,-8.179,-4.944,3.174
0.231,1.005,-0.096,-5.005,-0.610,3.052
0.229,0.999,-0.111,-1.221,1.648,1.526
0.213,0.970,-0.131,1.221,2.930,0.366
0.199,0.950,-0.159,0.916,0.122,1.587
0.197,0.929,-0.159,-0.549,-3.906,2.258
0.201,0.923,-0.125,-2.686,-7.507,2.747
0.206,0.926,-0.094,-5.981,-7.812,4.150
0.209,0.936,-0.086,-5.310,-5.371,4.333
0.211,0.953,-0.143,-3.479,-3.662,3.662
0.205,0.943,-0.165,-1.465,-3.845,2.380
0.201,0.929,-0.178,-2.014,-7.507,1.648
0.200,0.934,-0.163,-4.456,-10.071,2.747
0.203,0.946,-0.145,-5.554,-12.207,3.601
0.203,0.946,-0.131,0.061,-12.817,2.808
0.197,0.937,-0.125,2.258,-12.024,2.869
0.168,0.926,-0.136,2.808,-11.719,3.418
0.160,0.935,-0.138,0.854,-12.329,4.028
0.165,0.953,-0.136,-3.967,-12.939,3.784
0.180,0.986,-0.140,-4.089,-12.573,3.052
0.182,0.994,-0.156,-3.540,-12.573,2.441
0.177,0.996,-0.174,-0.671,-15.686,1.526
0.165,0.999,-0.182,0.488,-18.921,0.732
0.159,0.994,-0.169,1.770,-22.339,-0.610
0.164,0.992,-0.142,0.366,-25.208,-1.770
0.170,0.983,-0.121,-2.319,-24.841,-3.784
0.174,0.942,-0.116,-4.578,-23.437,-3.723
0.179,0.944,-0.111,-7.751,-23.132,-2.014
0.190,0.960,-0.097,-9.644,-22.583,0.671
0.199,0.974,-0.092,-9.033,-20.874,0.061
0.219,0.978,-0.111,-8.728,-20.203,-1.160
0.225,0.973,-0.090,-9.521,-21.851,-2.075
0.226,0.967,-0.049,-8.179,-23.987,-3.479
0.230,0.941,-0.038,-7.812,-21.179,-4.028
0.239,0.942,-0.054,-9.155,-18.555,-3.662
0.247,0.951,-0.058,-9.216,-17.761,-2.625
0.256,0.953,-0.050,-7.935,-17.456,-3.235
0.257,0.927,-0.043,-8.789,-16.418,-3.845
0.253,0.915,-0.044,-9.766,-15.381,-3.784
0.251,0.904,-0.042,-9.277,-13.123,-2.930
0.262,0.915,-0.041,-11.108,-11.902,-1.648
0.265,0.932,-0.038,-12.756,-10.803,-0.793
0.264,0.934,-0.043,-12.878,-7.385,-2.625
0.262,0.928,-0.072,-13.245,-6.226,-2.869
0.270,0.946,-0.123,-13.000,-7.141,-2.747
0.272,0.946,-0.121,-12.512,-9.094,-3.479
0.268,0.928,-0.124,-8.911,-11.658,-5.371
0.254,0.893,-0.077,-6.653,-12.939,-4.944
0.250,0.888,-0.056,-6.409,-12.451,-3.662
0.251,0.901,-0.062,-5.371,-6.226,-0.549
0.260,0.925,-0.086,-3.235,-3.845,-0.488
0.276,0.963,-0.131,-1.465,-3.723,-1.465
0.273,0.962,-0.132,0.000,-5.188,-3.235
0.263,0.943,-0.120,1.282,-7.019,-6.531
0.253,0.916,-0.111,0.061,-6.775,-6.104
0.256,0.924,-0.101,-1.709,-7.202,-4.639
0.259,0.930,-0.080,-0.366,-6.775,-3.906
0.257,0.924,-0.070,0.610,-4.578,-4.395
0.248,0.903,-0.086,-0.671,-2.808,-3.906
0.250,0.919,-0.096,-3.357,-2.075,-2.258
0.257,0.941,-0.105,-4.822,-2.991,-0.916
0.264,0.964,-0.114,-4.028,-4.150,-2.075
0.260,0.958,-0.107,-2.380,-5.066,-3.784
0.254,0.942,-0.102,0.549,-3.662,-6.592
0.249,0.922,-0.103,1.038,-2.563,-6.531
0.247,0.898,-0.101,1.343,-2.136,-5.188
0.249,0.899,-0.095,1.160,-1.953,-3.174
0.248,0.902,-0.090,-0.061,-0.488,0.061
0.242,0.915,-0.112,-1.160,0.977,1.282
0.242,0.943,-0.145,-2.869,1.343,1.770
0.249,0.973,-0.166,-4.517,-5.066,-5.554
0.257,0.977,-0.162,-1.465,-8.484,-11.719
0.264,0.921,-0.129,1.526,-10.498,-15.076
0.264,0.914,-0.119,1.648,-11.230,-14.709
0.266,0.914,-0.117,1.770,-10.071,-10.681
0.262,0.892,-0.112,2.747,-8.789,-8.911
0.261,0.884,-0.112,3.113,-7.019,-7.019
0.263,0.890,-0.112,1.160,-4.333,-3.601
0.268,0.902,-0.107,0.916,-4.089,-2.930
0.273,0.916,-0.110,3.235,-4.578,-2.991
0.267,0.913,-0.112,6.653,-6.653,-3.906
0.260,0.905,-0.108,11.169,-14.343,-7.507
0.264,0.881,-0.079,11.230,-17.212,-8.850
0.274,0.877,-0.050,9.399,-17.334,-8.484
0.286,0.888,-0.032,3.540,-7.324,-3.296
0.290,0.905,-0.041,4.395,-0.793,-1.465
0.278,0.910,-0.095,6.836,2.625,-1.648
0.272,0.894,-0.098,7.751,2.502,-2.625
0.271,0.894,-0.104,7.812,-2.502,-1.404
0.284,0.927,-0.113,9.216,-7.812,-1.343
0.291,0.919,-0.080,10.864,-13.062,-2.441
0.289,0.895,-0.045,11.414,-11.414,-3.235
0.284,0.876,-0.033,11.963,-6.409,-1.770
0.279,0.868,-0.028,11.902,-2.075,0.488
0.281,0.878,-0.024,9.583,1.709,3.174
0.284,0.897,-0.041,4.883,8.667,7.446
0.285,0.919,-0.098,5.249,8.911,7.507
0.286,0.911,-0.087,6.226,6.165,6.897
0.285,0.909,-0.057,6.653,0.244,7.202
0.282,0.914,-0.026,8.728,-0.305,7.324
0.277,0.905,0.000,11.780,0.305,6.653
0.273,0.892,0.001,14.404,0.977,5.493
0.264,0.887,-0.002,18.616,1.404,3.662
0.258,0.913,-0.001,23.987,1.709,2.319
0.264,0.927,0.010,30.945,3.174,0.854
0.273,0.937,0.005,36.743,11.658,-0.854
0.285,0.940,-0.021,35.889,14.648,-0.854
0.285,0.909,-0.032,34.851,14.465,0.610
0.271,0.889,-0.009,33.752,13.550,3.662
0.258,0.879,0.015,28.992,18.250,11.230
0.250,0.916,-0.018,28.992,21.301,13.306
0.252,0.938,-0.033,31.128,19.592,13.428
0.255,0.951,-0.005,31.006,8.057,12.512
0.259,0.955,0.036,27.283,8.240,13.855
0.258,0.988,0.026,20.630,13.367,15.991
0.264,1.014,-0.018,12.756,19.348,17.212
0.275,1.037,-0.052,2.930,22.278,16.235
0.285,1.055,-0.033,1.953,20.874,15.015
0.266,1.036,-0.014,1.282,20.447,12.878
0.240,0.997,0.003,3.052,22.339,9.277
0.218,0.969,-0.001,5.371,22.339,9.644
0.209,0.966,-0.015,7.324,19.836,10.071
0.216,0.973,-0.008,10.681,16.357,9.827
0.226,0.983,-0.009,13.672,11.719,9.033
0.237,1.008,0.014,12.573,10.864,8.362
0.232,1.006,0.015,12.085,12.451,7.019
0.223,0.997,-0.009,10.925,16.357,5.493
0.211,0.973,-0.002,10.498,17.822,7.202
0.212,0.980,-0.013,10.864,20.447,9.521
0.207,0.982,-0.027,10.742,20.691,9.766
0.201,0.973,-0.019,5.127,15.564,7.141
0.195,0.956,-0.018,2.258,15.198,7.996
0.199,0.974,-0.020,-0.366,15.137,9.888
0.199,0.990,-0.024,-1.587,15.442,10.010
0.187,0.984,-0.041,-0.244,15.930,8.667
0.185,0.976,-0.055,2.258,16.602,7.690
0.182,0.970,-0.061,8.972,14.954,7.507
0.178,0.970,-0.056,11.169,12.756,7.935
0.186,1.003,-0.045,11.353,10.254,7.446
0.186,1.003,-0.037,11.536,6.958,4.639
0.179,0.984,-0.018,12.939,-1.038,-2.075
0.169,0.936,0.017,11.536,-2.014,-2.502
0.170,0.942,0.016,7.935,-0.671,-0.854
0.175,0.960,0.008,0.549,1.709,0.977
0.182,0.968,-0.003,-0.732,0.610,0.183
0.187,0.959,0.005,-1.831,-1.587,-0.183
0.185,0.957,0.024,-2.808,-2.808,0.183
0.183,0.959,0.035,-3.784,-0.305,0.916
0.185,0.961,0.023,-3.723,1.343,0.977
0.185,0.953,0.021,-4.395,1.648,1.282
0.182,0.943,0.029,-7.751,1.526,3.662
0.179,0.942,0.033,-9.094,2.747,5.310
0.189,0.988,-0.000,-9.521,3.235,6.287
0.194,1.008,0.001,-8.362,1.770,5.676
0.195,1.007,0.016,-2.747,-1.160,0.488
0.182,0.964,0.008,-0.610,-0.916,-1.831
0.179,0.948,0.005,-0.122,-1.160,-2.441
0.180,0.946,0.014,-2.808,-2.869,-0.061
0.183,0.951,0.022,-3.357,-2.502,0.916
0.193,0.955,0.013,-3.845,-1.831,1.160
0.195,0.951,0.011,-5.127,-1.465,0.977
0.195,0.945,0.013,-5.859,-1.099,0.305
0.188,0.930,0.020,-3.357,-0.671,0.488
0.183,0.922,0.025,-0.305,0.244,1.221
0.178,0.921,0.025,0.366,3.479,4.883
0.180,0.937,0.013,-0.793,4.883,6.653
0.186,0.987,-0.023,-1.099,4.272,6.409
0.181,1.008,-0.028,-1.099,1.221,3.357
0.187,0.993,-0.015,-1.953,-6.836,-8.911
0.198,0.906,0.039,-2.319,-8.484,-8.789
0.191,0.925,0.052,-3.174,-7.690,-3.296
0.183,0.954,0.041,-2.441,-2.014,0.977
0.181,0.955,0.021,-0.977,-0.793,-0.610
0.195,0.941,0.023,-1.770,-0.916,-0.549
0.204,0.954,0.028,-3.296,-0.610,0.671
0.203,0.963,0.023,-0.427,2.136,1.282
0.189,0.959,0.007,0.977,2.625,0.854
0.189,0.961,0.003,0.916,1.953,0.793
0.193,0.969,0.005,-0.610,-0.366,1.526
0.195,0.978,0.016,0.549,-0.427,0.977
0.191,0.973,0.023,2.441,0.122,-0.488
0.190,0.965,0.018,3.174,0.183,-1.709
0.189,0.965,0.015,2.258,-1.465,-1.892
0.185,0.973,0.002,8.362,-1.648,-2.014
0.188,0.995,-0.017,32.654,-0.854,-2.686
0.197,1.024,-0.011,139.343,-0.732,-10.010
0.207,1.047,0.043,174.683,-2.808,-17.212
0.238,1.110,0.262,193.726,-5.432,-25.574
0.246,1.139,0.385,216.797,-8.606,-36.072
0.239,1.117,0.506,308.228,-17.090,-64.819
0.258,0.869,0.694,338.928,-23.804,-76.294
0.295,0.801,0.756,368.347,-34.119,-78.979
0.298,0.783,0.852,471.863,-39.673,-68.970
0.282,0.765,0.929,509.033,-27.344,-66.223
0.253,0.662,0.906,545.105,-9.277,-61.035
0.259,0.589,0.790,580.261,10.376,-48.584
0.274,0.468,0.746,509.949,43.823,15.686
0.255,0.787,0.557,435.791,59.204,49.744
0.296,0.973,0.517,380.432,54.443,39.124
0.366,0.918,0.639,309.021,10.071,-54.810
0.391,0.794,0.695,304.932,-3.357,-88.074
0.334,0.268,0.641,322.205,-17.212,-104.980
0.286,-0.011,0.650,327.759,-29.846,-93.994
0.256,-0.028,0.625,244.934,-40.833,-13.062
0.278,0.215,0.731,190.918,-43.030,13.855
0.285,0.228,0.945,132.019,-41.199,22.827
0.268,0.185,1.161,25.391,-0.244,18.250
0.237,0.062,1.167,25.696,29.175,6.775
0.198,-0.040,0.768,74.768,39.307,-12.756
0.219,0.007,0.851,125.671,31.311,-35.767
0.248,-0.041,0.952,122.009,33.386,-71.899
0.274,-0.223,0.794,98.328,39.246,-68.787
0.284,-0.253,0.766,83.984,31.982,-54.626
0.317,-0.287,0.973,45.410,9.094,-23.682
0.356,-0.342,1.228,22.888,29.236,-5.798
0.333,-0.405,1.076,9.583,60.486,15.747
0.264,-0.420,0.808,18.005,77.759,39.124
0.254,-0.410,0.614,64.758,45.166,87.219
0.329,-0.248,0.636,74.646,8.850,102.051
0.370,-0.206,0.846,59.875,-24.658,110.291
0.395,-0.211,1.051,5.798,-36.438,124.817
0.372,-0.134,1.078,-11.414,-24.231,125.488
0.360,-0.195,0.897,-23.193,-18.799,115.173
0.375,-0.331,0.854,-32.654,-21.606,104.492
0.371,-0.392,0.867,-39.734,-34.790,115.967
0.339,-0.147,0.945,-40.771,-38.025,126.221
0.325,-0.047,0.938,-35.034,-36.133,122.253
0.329,-0.044,0.844,-33.752,-35.217,84.534
0.346,-0.078,0.775,-57.373,-47.485,72.266
0.327,-0.049,0.895,-91.858,-60.730,71.655
0.330,0.013,0.971,-128.418,-69.031,75.867
0.331,0.022,1.063,-183.777,-69.092,72.266
0.305,0.066,1.077,-195.862,-58.228,65.308
0.292,0.027,1.015,-206.665,-45.105,56.641
0.249,0.048,1.012,-206.055,-29.114,57.678
0.228,0.165,1.055,-201.172,-19.592,58.167
0.253,0.267,0.695,-194.763,-18.311,52.185
0.209,0.278,0.758,-182.312,-36.316,49.988
0.190,0.373,0.888,-219.727,-61.401,69.763
0.231,0.515,1.038,-251.282,-58.899,77.209
0.232,0.580,1.022,-256.348,-50.781,76.965
0.214,0.517,0.912,-189.331,-37.781,46.814
0.178,0.402,0.816,-197.083,-42.419,40.894
0.122,0.585,0.843,-247.864,-48.157,43.396
0.102,0.773,0.854,-321.472,-48.706,44.434
0.048,1.237,0.973,-251.404,-22.461,11.902
0.170,1.326,1.006,-62.988,17.212,-52.917
0.217,0.255,0.539,1.770,47.180,-120.239
0.218,-0.390,0.309,-166.138,-2.686,-35.339
0.210,-0.087,0.529,-189.880,-29.114,49.988
0.122,0.922,0.820,-170.166,-26.184,81.299
0.139,0.766,0.743,-134.338,-9.705,70.068
0.177,0.675,0.738,-117.004,8.423,70.740
0.163,0.980,0.624,-119.263,16.479,76.416
0.141,0.950,0.520,-116.089,20.569,67.932
0.130,0.840,0.517,-100.525,12.878,47.852
0.118,0.791,0.553,-88.989,13.367,44.312
0.140,0.816,0.625,-64.819,16.968,38.513
0.134,0.747,0.666,-47.058,19.653,33.447
0.108,0.653,0.663,-74.341,19.775,44.556
0.059,0.568,0.512,-109.192,15.198,60.547
0.039,0.600,0.475,-144.043,7.324,81.360
0.019,0.654,0.458,-212.769,1.709,126.038
0.032,0.735,0.443,-241.455,7.385,143.738
-0.009,1.036,0.359,-243.103,18.372,149.353
-0.044,1.161,0.251,-219.360,24.414,135.864
-0.052,1.253,0.236,-158.447,12.268,71.594
-0.035,1.168,0.248,-138.245,8.423,32.227
-0.054,0.965,0.250,-125.122,5.676,-3.235
-0.073,0.761,0.207,-139.099,6.348,-24.597
-0.073,0.668,0.125,-154.175,1.526,-12.817
-0.070,0.765,0.112,-156.555,-6.470,0.549
-0.061,0.830,0.151,-144.958,-7.019,10.803
-0.053,0.864,0.116,-110.657,16.541,23.804
-0.041,0.843,-0.088,-79.468,22.278,28.320
-0.090,0.838,-0.118,-43.396,14.587,28.198
-0.164,0.877,-0.122,-62.561,-14.893,24.963
-0.186,1.049,-0.174,-84.473,-23.865,9.460
-0.197,0.962,-0.060,-87.708,-27.222,-21.240
-0.129,0.780,-0.007,-88.440,-15.198,-30.212
-0.078,0.840,-0.043,-113.098,16.663,28.442
-0.050,0.968,-0.048,-122.742,20.264,37.781
-0.087,0.916,-0.151,-99.304,34.668,37.537
-0.169,0.926,-0.311,-28.992,67.017,49.194
-0.243,1.016,-0.433,-33.752,63.049,49.316
-0.275,1.067,-0.493,-50.720,48.340,39.063
-0.235,0.980,-0.448,-63.232,28.931,23.621
-0.209,0.933,-0.388,-68.237,-4.517,-0.244
-0.204,1.047,-0.333,-81.604,-12.817,-11.536
-0.187,1.083,-0.352,-90.454,-13.916,-26.062
-0.168,1.077,-0.363,-60.852,-4.639,-59.631
-0.159,1.042,-0.377,-41.382,0.183,-75.500
-0.159,0.835,-0.440,-29.480,1.404,-85.999
-0.148,0.754,-0.444,-26.306,-0.366,-84.351
-0.157,0.657,-0.380,10.437,1.709,-51.453
-0.109,0.729,-0.269,29.114,12.512,-25.391
-0.114,0.944,-0.346,18.188,24.475,-4.761
-0.120,1.069,-0.454,-14.282,30.273,-11.658
-0.097,1.083,-0.513,-24.780,20.447,-23.987
-0.074,0.958,-0.460,-27.832,7.690,-31.372
-0.068,0.916,-0.403,-22.156,-2.136,-32.349
-0.075,0.882,-0.353,-22.705,-6.714,-27.588
-0.073,0.838,-0.322,-30.579,-4.395,-24.475
-0.049,0.861,-0.298,-27.893,-1.160,-19.897
-0.052,0.890,-0.290,2.197,10.986,-13.916
-0.076,0.891,-0.326,6.470,16.541,-13.611
-0.078,0.823,-0.380,1.343,15.686,-11.719
-0.094,0.754,-0.254,-14.343,8.789,-6.714
-0.087,0.717,-0.140,-57.800,15.869,13.428
-0.079,0.790,-0.344,-41.504,30.701,21.545
-0.105,0.725,-0.385,-27.466,38.757,27.466
-0.106,0.691,-0.365,-43.030,42.542,54.626
-0.096,0.738,-0.335,-44.678,43.091,67.932
-0.095,0.873,-0.285,-31.189,44.067,73.669
-0.110,0.884,-0.242,-13.062,47.546,73.853
-0.176,0.841,-0.236,4.150,66.589,71.655
-0.182,0.828,-0.451,5.676,72.693,74.341
-0.170,0.893,-0.524,10.071,64.819,78.552
-0.191,0.941,-0.496,50.903,22.278,74.524
-0.212,0.930,-0.430,88.379,8.179,68.176
-0.239,0.886,-0.383,143.311,1.953,65.918
-0.275,0.974,-0.359,195.007,-1.282,66.101
-0.298,1.053,-0.312,245.911,-4.944,47.302
-0.279,1.012,-0.182,266.357,-3.906,32.410
-0.293,0.990,-0.143,307.861,-0.977,21.179
-0.337,0.982,-0.105,417.969,4.395,1.587
-0.355,0.947,-0.059,479.614,7.202,-5.066
-0.360,0.948,0.089,569.397,7.263,-7.690
-0.365,0.891,0.328,642.517,5.920,-11.475
-0.333,0.784,0.520,554.077,15.137,-16.296
-0.230,0.647,0.668,426.636,17.456,-9.338
-0.194,0.705,0.731,314.697,13.428,0.671
-0.201,0.780,0.783,226.074,9.399,6.958
-0.274,0.775,0.759,191.406,12.451,5.493
-0.275,0.820,0.780,157.776,13.550,5.371
-0.259,0.843,0.850,188.965,17.456,-8.301
-0.244,0.753,0.885,224.182,24.475,-21.423
-0.217,0.385,0.759,235.291,27.527,-30.701
-0.204,0.287,0.760,215.393,21.912,-31.738
-0.199,0.288,0.811,138.489,7.935,-14.343
-0.214,0.412,0.865,116.882,7.141,-6.104
-0.220,0.428,0.863,103.699,7.080,-3.540
-0.216,0.413,0.890,83.862,3.845,-5.188
-0.207,0.381,0.921,82.947,5.066,-3.906
-0.195,0.346,0.928,77.576,7.385,-0.488
-0.191,0.374,0.947,72.632,9.216,3.235
-0.197,0.383,0.950,90.454,15.503,4.517
-0.208,0.350,0.919,79.956,16.541,4.517
-0.207,0.341,0.923,54.932,15.076,4.578
-0.205,0.329,0.917,6.470,12.085,0.488
-0.202,0.300,0.900,-17.334,10.315,-1.953
-0.188,0.326,0.932,-36.804,7.629,-2.563
-0.180,0.393,0.998,-27.100,7.751,-3.784
-0.185,0.374,0.972,65.308,25.818,-9.338
-0.215,0.292,0.830,112.427,30.090,-4.517
-0.229,0.335,0.870,153.015,27.893,3.235
-0.226,0.375,0.952,253.845,29.114,8.118
-0.222,0.375,0.991,328.003,35.645,6.287
-0.216,0.224,0.911,410.400,41.626,3.784
-0.200,0.066,0.830,453.308,43.030,1.343
-0.171,-0.038,0.854,382.935,26.611,2.258
-0.138,-0.132,1.004,338.074,24.597,-0.244
-0.124,-0.198,1.081,320.801,28.809,-5.249
-0.122,-0.276,1.146,461.975,51.208,-4.395
-0.137,-0.373,1.069,513.794,65.186,3.174
-0.159,-0.484,0.917,515.076,66.956,9.766
-0.138,-0.601,0.948,565.918,60.730,12.085
-0.134,-0.689,0.829,601.135,59.387,20.081
-0.119,-0.686,0.585,407.104,48.889,16.724
-0.079,-0.808,0.580,212.036,33.386,4.883
-0.051,-0.927,0.593,64.880,16.602,-0.061
-0.038,-0.983,0.609,59.509,16.235,8.423
-0.021,-1.020,0.603,64.697,20.081,18.555
-0.028,-0.973,0.549,67.871,25.208,28.809
-0.040,-0.915,0.527,81.482,28.076,36.804
-0.094,-0.788,0.501,112.610,28.137,34.058
-0.107,-0.782,0.491,134.338,26.733,27.527
-0.095,-0.844,0.508,114.807,21.484,13.489
-0.065,-0.925,0.531,101.074,21.545,12.878
-0.007,-0.989,0.504,86.243,23.560,15.625
0.008,-1.000,0.494,67.993,25.452,18.982
0.007,-0.993,0.496,29.846,29.053,26.489
-0.021,-0.959,0.527,22.705,31.128,30.090
-0.052,-0.889,0.531,36.377,34.668,33.325
-0.076,-0.804,0.494,58.655,43.945,28.137
-0.071,-0.780,0.455,46.448,46.082,19.470
-0.011,-0.851,0.378,28.870,46.692,12.390
0.021,-0.861,0.324,8.850,45.410,7.935
0.049,-0.892,0.295,-25.635,37.842,-0.427
0.094,-1.001,0.262,-24.048,35.156,-1.038
0.108,-1.043,0.262,-4.333,33.569,2.441
0.103,-0.998,0.243,63.110,36.011,16.113
0.091,-0.894,0.190,70.496,36.377,15.930
0.111,-0.891,0.149,61.279,34.180,10.925
0.134,-0.945,0.146,51.147,30.762,7.751
0.152,-0.979,0.153,48.950,23.743,12.207
0.155,-0.948,0.198,52.856,22.095,15.686
0.141,-0.920,0.249,49.072,21.851,16.541
0.117,-0.898,0.299,12.939,22.888,9.827
0.093,-0.883,0.333,-4.700,22.034,3.479
0.084,-0.901,0.375,-13.123,20.752,-2.625
0.098,-0.901,0.364,-18.127,21.240,-7.141
0.119,-0.910,0.326,-41.809,28.687,-15.381
0.143,-0.967,0.262,-53.406,30.884,-17.212
0.137,-0.957,0.262,-56.641,30.762,-15.625
0.122,-0.917,0.268,-57.007,28.076,-10.803
0.099,-0.889,0.291,-45.654,26.855,-12.451
0.072,-0.886,0.354,-14.465,27.954,-14.709
0.082,-0.881,0.323,11.780,31.128,-17.029
0.095,-0.918,0.311,-1.343,29.846,-22.949
0.073,-0.917,0.421,-25.208,26.062,-24.963
0.062,-0.913,0.497,-57.983,24.109,-30.396
0.067,-0.945,0.540,-129.089,32.104,-49.438
0.079,-0.977,0.545,-158.508,42.664,-56.824
0.097,-0.997,0.442,-186.340,55.420,-61.646
0.098,-0.968,0.360,-221.558,64.331,-64.209
0.088,-0.897,0.353,-371.033,55.542,-71.899
0.025,-0.689,0.541,-536.438,45.715,-83.313
-0.056,-0.577,0.623,-790.893,33.875,-100.647
-0.094,-0.524,0.792,-1121.887,-25.269,-122.681
-0.022,-0.502,1.069,-906.128,-51.819,-105.408
0.082,-0.305,1.370,-525.452,-49.133,-80.444
0.026,-0.202,1.223,-209.412,-22.034,-63.293
-0.026,-0.090,1.079,54.382,15.320,-56.519
-0.062,-0.070,0.857,94.666,14.282,-64.026
-0.042,-0.151,0.887,90.271,3.357,-72.937
-0.022,-0.227,0.973,3.479,-16.968,-75.684
-0.011,-0.235,1.044,-41.199,-18.616,-71.289
-0.021,-0.155,1.064,-69.763,-17.273,-68.298
-0.022,-0.124,1.083,-74.097,-15.991,-67.139
-0.032,-0.126,1.069,-13.550,-9.277,-64.148
-0.080,-0.078,0.934,-2.441,-8.667,-61.768
-0.088,-0.084,0.922,-13.306,-12.634,-62.927
-0.083,-0.126,0.923,-62.866,-20.874,-66.040
-0.075,-0.146,0.924,-99.609,-25.391,-62.866
-0.047,-0.096,1.024,-132.019,-30.396,-58.838
-0.043,-0.079,1.096,-128.540,-31.799,-55.725
-0.049,-0.093,1.088,-49.866,-19.104,-47.546
-0.047,-0.111,1.034,-26.367,-14.709,-40.283
-0.040,-0.108,1.059,-11.902,-12.329,-33.142
-0.040,-0.109,1.065,4.517,-3.723,-21.851
-0.050,-0.098,1.027,-8.484,-1.160,-16.113
-0.091,0.032,0.998,-31.921,-1.709,-12.329
-0.101,0.092,1.000,-50.903,-0.671,-14.160
-0.111,0.107,0.944,-72.083,2.258,-29.602
-0.115,0.073,0.892,-90.210,-3.845,-36.011
-0.103,0.008,0.868,-109.985,-10.620,-40.222
-0.089,-0.034,0.846,-150.757,-23.254,-37.720
-0.088,-0.019,0.831,-175.110,-29.785,-34.241
-0.104,0.093,0.820,-205.872,-37.415,-31.494
-0.112,0.153,0.844,-236.023,-45.105,-29.602
-0.118,0.208,0.855,-261.658,-54.626,-24.963
-0.115,0.320,0.875,-248.901,-56.580,-24.048
-0.114,0.311,0.877,-217.895,-56.091,-25.513
-0.112,0.287,0.878,-174.438,-51.880,-18.982
-0.115,0.303,0.878,-172.302,-49.866,-9.949
-0.156,0.388,0.763,-184.265,-49.072,-0.244
-0.179,0.439,0.727,-215.210,-51.758,9.705
-0.185,0.497,0.760,-270.691,-59.265,22.217
-0.178,0.581,0.866,-273.132,-55.969,22.522
-0.183,0.628,0.871,-267.334,-47.974,20.996
-0.193,0.687,0.828,-269.287,-28.076,20.203
-0.211,0.745,0.747,-289.246,-21.484,21.423
-0.263,0.789,0.519,-323.669,-19.165,22.461
-0.278,0.814,0.397,-374.512,-22.644,23.865
-0.281,0.880,0.323,-491.699,-44.922,26.489
-0.264,1.002,0.290,-526.672,-53.101,25.208
-0.249,1.019,0.262,-531.738,-52.734,23.987
-0.246,1.013,0.192,-451.965,-33.203,23.315
-0.255,0.992,0.089,-398.804,-23.254,22.156
-0.265,0.956,-0.055,-344.299,-16.663,19.714
-0.271,0.945,-0.110,-287.903,-11.658,16.052
-0.283,0.931,-0.176,-200.012,-3.723,7.874
-0.300,0.883,-0.299,-181.519,-2.930,5.981
-0.291,0.873,-0.312,-172.180,-4.822,6.531
-0.285,0.851,-0.304,-138.000,-7.202,10.254
-0.282,0.828,-0.291,-125.671,-4.639,14.038
-0.279,0.849,-0.281,-116.028,-0.854,17.334
-0.291,0.860,-0.309,-103.516,3.601,18.677
-0.308,0.870,-0.372,-92.285,11.292,17.883
-0.322,0.846,-0.444,-93.140,9.827,16.418
-0.325,0.801,-0.402,-101.440,6.287,15.625
-0.322,0.782,-0.366,-143.982,6.470,18.555
-0.314,0.801,-0.357,-149.292,9.766,18.005
-0.326,0.807,-0.411,-139.832,13.428,14.648
-0.340,0.769,-0.480,-135.864,16.602,10.803
-0.333,0.741,-0.535,-143.433,15.381,9.766
-0.312,0.761,-0.559,-123.718,13.611,10.376
-0.319,0.744,-0.574,-95.093,13.306,8.911
-0.339,0.708,-0.583,-75.806,12.695,7.446
-0.353,0.679,-0.580,-82.397,11.902,8.728
-0.340,0.671,-0.541,-83.679,11.597,9.583
-0.328,0.663,-0.520,-76.538,12.329,9.033
-0.323,0.646,-0.510,-59.570,18.372,6.836
-0.331,0.612,-0.538,-54.993,22.278,6.348
-0.330,0.602,-0.553,-46.143,24.841,6.287
-0.332,0.604,-0.547,-18.677,29.175,7.935
-0.344,0.602,-0.551,-15.320,34.119,8.423
-0.353,0.606,-0.573,-18.494,37.659,8.972
-0.349,0.630,-0.557,-19.836,38.574,9.460
-0.347,0.648,-0.537,-8.484,38.147,7.141
-0.354,0.627,-0.510,-1.099,38.269,4.761
-0.354,0.607,-0.491,9.705,38.513,2.991
-0.360,0.599,-0.444,48.096,40.466,3.723
-0.377,0.617,-0.369,61.707,45.837,4.639
-0.398,0.701,-0.266,70.923,55.237,3.296
-0.405,0.725,-0.287,86.609,66.528,-0.305
-0.435,0.733,-0.393,172.485,85.510,-8.240
-0.508,0.804,-0.717,223.389,87.097,-10.437
-0.520,0.909,-0.786,262.085,80.078,-11.841
-0.524,0.984,-0.737,250.549,50.842,-19.104
-0.518,0.986,-0.605,177.246,40.771,-21.606
-0.487,1.002,-0.385,106.934,37.415,-22.522
-0.509,1.006,-0.359,73.669,39.185,-26.001
-0.548,0.940,-0.411,55.908,44.373,-39.368
-0.561,0.752,-0.529,32.410,37.720,-37.537
-0.537,0.755,-0.491,8.606,25.452,-28.320
-0.509,0.797,-0.407,-6.653,8.728,-12.268
-0.454,0.889,-0.224,-4.639,7.507,-10.132
-0.440,0.917,-0.162,-2.136,9.827,-10.925
-0.439,0.922,-0.159,1.099,15.625,-13.672
-0.448,0.916,-0.208,15.808,26.794,-20.447
-0.477,0.893,-0.333,22.644,27.039,-23.560
-0.486,0.849,-0.356,29.724,23.804,-26.611
-0.486,0.808,-0.352,56.152,15.198,-24.536
-0.477,0.843,-0.299,69.946,13.855,-19.958
-0.445,0.905,-0.257,93.750,14.038,-18.127
-0.408,0.923,-0.162,203.186,17.029,-24.170
-0.386,0.965,-0.062,304.504,27.954,-23.315
-0.406,1.194,0.051,426.941,44.312,-27.771
-0.446,1.171,0.099,538.086,60.669,-41.199
-0.486,1.028,0.154,606.934,79.773,-63.232
-0.486,0.694,0.239,563.416,83.069,-55.786
-0.443,0.732,0.291,528.259,82.336,-35.461
-0.395,0.821,0.419,587.891,75.134,-6.836
-0.364,0.798,0.582,592.773,75.867,-6.592
-0.352,0.509,0.711,535.767,76.721,-3.540
-0.339,0.453,0.738,453.613,72.327,7.996
-0.323,0.413,0.792,385.071,60.547,35.889
-0.334,0.268,0.818,372.192,59.387,48.035
-0.340,0.273,0.822,332.886,57.373,58.044
-0.320,0.310,0.890,257.935,50.171,55.542
-0.298,0.316,1.006,293.274,53.711,46.631
-0.311,0.174,0.900,334.167,61.035,38.452
-0.309,0.108,0.812,341.797,60.486,33.020
-0.300,0.048,0.766,264.282,35.278,24.658
-0.252,-0.042,0.913,206.543,19.531,20.386
-0.221,-0.111,1.078,169.983,9.583,16.907
-0.205,-0.173,1.143,159.058,20.386,20.081
-0.200,-0.216,1.081,143.433,27.466,23.987
-0.213,-0.228,1.019,119.568,26.550,27.039
-0.216,-0.224,1.087,114.563,23.437,28.992
-0.220,-0.248,1.058,198.364,42.114,32.532
-0.208,-0.356,0.889,237.671,49.866,34.302
-0.196,-0.404,0.827,265.991,50.171,36.072
-0.178,-0.444,0.805,291.138,37.170,38.574
-0.161,-0.485,0.806,301.025,30.823,38.635
-0.148,-0.603,0.879,330.017,26.367,38.879
-0.144,-0.657,0.856,402.161,27.893,41.321
-0.127,-0.703,0.727,541.748,36.682,44.739
-0.092,-0.866,0.530,551.392,30.762,43.396
-0.084,-0.955,0.500,539.246,22.034,43.396
-0.078,-1.027,0.449,513.062,12.329,52.124
-0.077,-1.065,0.356,493.347,8.911,59.448
-0.071,-0.883,0.149,436.340,3.357,63.293
-0.060,-0.831,0.102,330.994,-4.028,56.763
-0.050,-0.900,0.082,128.052,-15.686,31.250
-0.005,-1.022,0.053,88.989,-17.212,28.748
0.028,-1.030,0.005,64.758,-16.235,30.151
0.062,-1.116,-0.031,19.653,-18.555,31.982
0.084,-1.231,-0.032,26.794,-22.034,42.908
0.078,-1.163,-0.033,42.664,-24.048,58.350
0.054,-1.084,-0.036,50.659,-25.391,69.031
0.025,-1.024,-0.009,66.345,-28.076,69.458
-0.002,-0.939,0.054,66.956,-26.245,63.477
0.015,-0.916,0.045,53.589,-22.766,56.152
0.040,-0.898,0.005,9.216,-18.494,38.940
0.063,-0.895,-0.029,-13.794,-21.301,29.419
0.099,-1.042,-0.030,-28.687,-26.428,22.827
0.108,-1.068,-0.013,-23.560,-32.104,23.560
0.117,-1.023,-0.014,-6.653,-38.818,33.630
0.152,-1.088,-0.079,-3.540,-41.931,35.645
0.165,-1.116,-0.083,19.165,-46.265,42.297
0.165,-1.037,-0.084,52.124,-51.636,65.857
0.159,-0.962,-0.079,43.152,-54.199,69.031
0.141,-0.911,-0.016,26.184,-56.946,68.237
0.136,-0.865,0.004,-0.610,-58.838,66.223
0.139,-0.852,-0.003,-72.937,-62.378,53.955
0.170,-1.004,-0.029,-66.772,-66.772,49.805
0.193,-0.990,-0.034,-29.175,-72.449,53.345
0.206,-0.983,-0.023,43.518,-82.153,63.416
0.211,-0.999,0.008,67.139,-85.754,69.336
0.205,-0.961,0.078,64.880,-89.111,75.195
0.189,-0.932,0.108,39.124,-92.285,78.552
0.189,-0.865,0.130,-67.871,-94.299,75.073
0.245,-0.791,0.168,-167.053,-92.285,66.467
0.251,-0.760,0.245,-305.542,-89.294,56.396
0.229,-0.767,0.360,-648.437,-76.294,35.217
0.199,-0.836,0.501,-732.666,-66.345,33.569
0.173,-0.763,0.697,-723.938,-54.199,41.626
0.219,-0.592,0.803,-658.020,-39.978,49.377
0.251,-0.400,0.857,-409.790,-2.869,18.860
0.361,-0.482,0.863,-230.957,6.165,-13.855
0.397,-0.655,1.034,-12.939,7.324,-33.081
0.378,-0.769,1.031,359.619,58.472,-11.292
0.331,-0.788,0.774,332.275,74.707,7.263
0.295,-0.637,0.430,211.670,61.462,14.893
0.299,-0.614,0.417,77.454,37.354,8.728
0.300,-0.626,0.406,-170.715,-2.502,-15.564
0.293,-0.669,0.478,-292.908,-22.583,-20.935
0.307,-0.646,0.618,-423.584,-42.725,-19.287
0.323,-0.548,0.874,-560.547,-65.186,-7.812
0.346,-0.412,1.135,-461.548,-51.636,-5.859
0.349,-0.336,1.134,-312.561,-24.902,-6.042
0.324,-0.298,1.035,-187.744,-2.075,-5.249
0.294,-0.294,0.944,-33.875,15.259,-6.470
0.306,-0.387,0.811,-26.062,10.254,-4.761
0.323,-0.393,0.844,-42.236,-0.305,-0.366
0.319,-0.375,0.869,-69.824,-12.268,8.118
0.299,-0.331,0.861,-91.431,-15.686,9.949
0.274,-0.232,0.863,-122.253,-21.484,8.362
0.277,-0.219,0.903,-157.166,-28.748,4.822
0.287,-0.207,0.943,-237.793,-40.955,4.822
0.298,-0.059,1.028,-281.555,-44.312,6.531
0.282,0.037,1.045,-320.129,-44.922,5.615
0.256,0.116,1.017,-407.165,-45.715,-1.648
0.231,0.165,0.952,-477.356,-52.063,-4.883
0.174,0.267,0.822,-574.463,-63.660,-5.310
0.149,0.378,0.774,-694.824,-78.125,-1.770
0.130,0.547,0.716,-871.887,-108.826,14.587
0.105,0.957,0.550,-872.620,-122.620,21.484
0.108,1.110,0.467,-811.523,-133.179,22.339
0.116,1.183,0.417,-570.984,-133.057,0.732
0.118,1.186,0.409,-440.796,-116.821,-15.686
0.101,1.080,0.392,-331.604,-91.492,-29.602
0.088,1.006,0.348,-249.145,-64.087,-39.917
0.085,0.919,0.297,-157.227,-25.024,-46.753
-0.033,1.645,1.705,52.856,105.530,-38.391
-0.113,1.690,1.567,101.685,163.940,-61.646
-0.237,1.618,1.271,187.134,280.823,-98.572
-0.409,1.482,0.589,209.961,321.289,-100.220
-0.507,1.575,-0.302,225.098,360.840,-92.957
-0.868,1.482,-2.091,242.432,460.937,-100.220
-1.571,0.857,-3.801,145.630,370.605,-93.994
-2.659,-0.380,-4.000,-28.198,30.762,-26.123
-2.514,0.459,-2.832,-194.214,-421.753,96.252
-1.994,1.585,-0.827,-394.348,-687.439,211.182
-0.904,2.369,1.760,-356.934,-584.167,155.518
-0.543,2.133,2.700,-225.769,-512.207,64.758
-0.297,1.675,3.490,73.975,-352.539,-109.497
-0.163,1.050,3.671,163.696,-212.219,-144.409
-0.054,0.325,2.766,220.093,-95.703,-126.770
0.033,0.543,2.381,256.470,-27.527,-77.087
0.136,0.987,1.979,321.289,68.542,-5.371
0.240,1.574,0.738,339.905,109.741,-12.085
0.230,1.542,0.233,318.665,119.690,-37.659
0.217,1.354,0.056,180.908,59.692,-90.149
0.232,1.134,0.126,162.598,29.297,-103.577
0.209,0.586,0.622,191.895,13.611,-109.131
0.154,0.307,0.793,166.382,13.672,-101.807
0.166,0.139,0.819,-24.719,31.738,-44.678
0.215,0.333,0.792,8.545,42.358,-8.728
0.171,0.534,0.772,90.088,56.763,16.296
0.120,0.652,0.663,146.606,84.534,24.536
0.073,0.723,0.508,138.184,83.740,23.132
0.025,0.841,0.305,114.258,71.838,21.301
0.036,0.884,0.294,85.083,53.040,16.479
0.065,0.888,0.365,79.895,16.235,-0.977
0.123,0.763,0.583,101.074,9.094,-8.789
0.143,0.674,0.616,110.291,9.155,-13.000
0.164,0.635,0.611,97.778,7.202,-8.118
0.184,0.614,0.622,96.924,1.770,-4.395
0.212,0.550,0.719,93.811,-2.380,0.916
0.224,0.541,0.771,98.816,-2.808,8.667
0.214,0.537,0.760,118.835,1.099,25.391
0.170,0.682,0.558,166.077,-13.000,33.508
0.184,0.670,0.692,251.038,-44.861,35.889
0.201,0.460,0.959,217.468,-70.679,27.466
0.187,0.247,1.073,69.336,-47.913,41.626
0.104,0.340,0.759,-60.364,-34.180,67.261
0.064,0.397,0.666,-182.617,-44.373,92.285
0.052,0.416,0.648,-522.278,-85.144,143.005
0.082,0.525,0.686,-615.540,-87.830,170.044
0.015,0.668,0.742,-552.917,-69.214,186.462
-0.079,0.881,0.645,-216.248,-0.671,161.499
-0.121,1.009,0.494,-157.593,11.047,133.850
-0.097,0.928,0.457,-147.339,14.160,112.793
-0.104,0.989,0.395,-141.846,16.602,94.360
-0.123,1.034,0.350,-154.053,1.831,40.955
-0.112,0.899,0.392,-167.053,-10.010,19.958
-0.100,0.852,0.399,-168.274,-15.564,7.385
-0.098,0.850,0.377,-97.229,-10.254,0.244
-0.117,1.022,0.371,-6.104,-2.258,-1.831
-0.108,1.352,0.277,42.603,4.211,-21.362
-0.084,1.162,0.219,6.775,0.427,-57.434
-0.073,0.853,0.266,-77.393,-27.710,-94.604
-0.109,0.685,0.415,-76.111,-34.302,-77.087
-0.118,0.810,0.418,-60.608,-32.898,-52.795
-0.085,0.806,0.405,5.005,-23.254,-30.701
-0.013,0.432,0.466,23.071,-20.142,-15.503
-0.052,0.399,0.551,-4.333,-15.991,15.137
-0.107,0.571,0.577,-41.931,-3.967,55.115
-0.128,0.854,0.501,-49.805,37.109,103.638
-0.129,1.304,0.196,-36.621,49.072,97.412
-0.158,1.374,0.086,-24.597,47.302,74.219
-0.184,1.324,0.046,-13.672,15.991,7.690
-0.167,1.035,0.137,-18.433,-1.892,-15.991
-0.150,0.919,0.200,-23.743,-13.977,-25.330
-0.153,0.858,0.219,-20.142,-15.442,-11.719
-0.152,0.853,0.214,-11.047,-13.611,-1.099
-0.126,0.998,0.280,0.366,-13.062,5.737
-0.115,1.099,0.332,14.465,-11.108,5.981
-0.115,1.164,0.344,35.645,1.465,-15.442
-0.117,1.138,0.265,43.152,6.836,-32.654
-0.103,0.760,0.317,49.988,8.301,-50.903
-0.072,0.347,0.306,63.416,14.404,-17.517
-0.048,0.445,0.136,75.134,10.010,26.550
-0.094,0.988,0.164,110.718,-3.906,45.715
-0.107,1.099,0.270,167.053,-15.991,38.025
-0.104,1.035,0.388,256.531,-22.400,-11.841
-0.071,0.880,0.547,296.204,-14.587,-24.048
-0.062,0.856,0.605,362.122,-2.319,-28.381
-0.065,0.797,0.655,558.350,28.259,-30.945
-0.071,0.675,0.684,577.759,38.574,-28.320
-0.065,0.432,0.635,496.643,37.903,-20.630
-0.067,0.410,0.651,364.624,25.940,-8.057
-0.076,0.450,0.717,153.564,-3.601,13.489
-0.076,0.494,0.820,102.417,-9.460,14.038
-0.061,0.430,0.823,65.369,-10.376,10.437
-0.051,0.372,0.854,17.578,-9.521,11.536
-0.041,0.373,0.920,19.287,-4.517,15.076
-0.077,0.474,1.064,47.119,6.287,15.991
-0.076,0.477,1.035,90.271,21.851,12.024
-0.068,0.415,0.957,125.977,44.495,-5.676
-0.074,0.311,0.873,109.802,43.701,-5.737
-0.066,0.335,0.934,89.722,36.926,1.099
-0.053,0.345,0.983,71.899,33.203,7.019
-0.039,0.328,0.973,65.125,33.447,5.310
-0.017,0.289,0.988,70.618,33.142,3.479
-0.013,0.258,1.009,86.121,36.560,2.563
-0.017,0.246,0.985,97.839,44.556,4.578
-0.019,0.242,0.861,117.493,37.537,2.930
-0.005,0.170,0.879,149.780,23.315,-0.977
-0.000,0.114,0.931,157.898,0.977,3.113
-0.011,0.127,0.966,131.897,-1.526,7.874
-0.016,0.132,0.973,98.267,-1.648,8.606
-0.007,0.103,1.012,65.491,-2.563,8.057
-0.004,0.102,1.086,52.551,-0.183,12.451
-0.013,0.132,1.114,65.002,6.348,12.512
-0.008,0.099,1.054,77.637,13.123,8.667
-0.002,0.041,1.005,105.896,18.799,2.136
-0.000,0.006,0.995,125.305,18.982,3.967
-0.007,0.002,0.991,142.151,19.470,5.676
-0.006,-0.025,0.966,144.714,19.165,5.371
0.004,-0.061,0.952,109.985,11.108,2.380
0.029,-0.138,1.004,91.248,6.287,1.831
0.025,-0.144,1.046,80.200,4.028,2.991
0.017,-0.133,1.059,85.449,9.094,4.211
0.007,-0.124,1.038,87.524,11.658,1.465
0.012,-0.182,0.993,82.947,11.719,-1.343
0.021,-0.193,0.993,68.481,9.705,-0.732
0.026,-0.172,0.997,35.583,6.470,-1.892
0.019,-0.201,0.987,30.640,5.066,-4.883
0.011,-0.205,1.016,28.320,2.625,-4.028
0.015,-0.207,1.049,28.809,2.136,2.380
0.015,-0.205,1.086,52.856,6.348,3.662
0.021,-0.233,1.058,98.206,14.282,3.479
0.024,-0.265,0.998,135.437,22.278,3.296
0.030,-0.282,0.956,155.151,26.489,6.592
0.057,-0.314,0.906,135.742,23.743,6.897
0.067,-0.342,0.939,107.056,18.799,5.859
0.071,-0.368,0.988,75.745,15.747,5.554
0.067,-0.382,1.007,67.139,19.165,7.019
0.030,-0.344,0.995,61.218,23.193,7.812
0.036,-0.348,0.940,58.838,27.771,6.409
0.060,-0.385,0.875,42.175,30.029,1.404
0.088,-0.436,0.839,37.476,26.123,0.610
0.082,-0.449,0.927,45.227,20.935,0.854
0.090,-0.485,0.995,214.294,27.527,7.019
0.104,-0.536,0.929,313.965,35.767,12.939
0.103,-0.585,0.786,363.281,36.926,17.334
0.092,-0.622,0.812,375.305,33.325,18.372
0.084,-0.659,0.831,401.123,33.569,16.968
0.073,-0.741,0.724,423.340,36.377,14.221
0.093,-0.809,0.605,455.872,37.720,10.315
0.116,-0.849,0.471,442.627,30.273,6.592
0.132,-0.878,0.410,375.854,22.583,4.272
0.150,-0.938,0.380,296.448,19.226,2.808
0.155,-0.962,0.334,216.919,19.958,3.296
0.160,-0.995,0.291,110.291,20.935,8.728
0.175,-0.974,0.252,80.139,20.569,13.000
0.164,-0.941,0.248,46.082,20.691,15.381
0.164,-0.915,0.237,31.555,23.621,11.536
0.176,-0.902,0.219,28.870,24.292,8.240
0.183,-0.926,0.198,8.728,23.437,5.859
0.177,-0.972,0.207,-8.362,21.667,4.395
0.185,-1.005,0.207,55.725,20.935,8.362
0.219,-0.935,0.158,74.829,21.606,10.986
0.209,-0.925,0.144,58.594,20.874,10.254
0.191,-0.946,0.148,33.203,15.991,5.859
0.184,-0.959,0.165,35.828,14.038,5.005
0.190,-0.950,0.181,24.048,13.428,3.296
0.190,-0.949,0.173,-2.197,13.489,0.305
0.180,-0.967,0.182,-47.607,12.085,-5.981
0.157,-1.040,0.256,-43.091,12.146,-5.737
0.149,-1.052,0.277,-25.513,13.855,-2.380
0.147,-1.027,0.272,6.897,18.799,5.737
0.153,-0.984,0.245,14.160,20.935,5.127
0.155,-0.971,0.200,16.846,22.156,1.770
0.135,-1.034,0.217,31.311,22.644,-0.732
0.137,-1.060,0.210,160.217,30.151,8.118
0.184,-0.975,0.098,189.148,34.729,12.207
0.207,-0.988,0.046,174.499,36.011,11.292
0.222,-1.016,0.027,105.164,30.518,10.437
0.224,-1.039,0.039,81.238,29.724,14.587
0.211,-0.956,0.032,62.622,31.982,19.775
0.192,-0.939,0.012,47.119,34.790,21.240
0.183,-0.939,-0.008,50.415,35.767,17.883
0.187,-0.900,-0.052,61.279,36.194,15.442
0.198,-0.892,-0.082,78.857,38.086,11.597
0.230,-0.925,-0.106,99.060,41.321,7.019
0.274,-0.978,-0.152,89.600,40.344,12.207
0.271,-1.064,-0.151,81.299,37.170,23.376
0.278,-1.051,-0.159,85.754,35.339,36.377
0.284,-1.001,-0.188,77.148,30.151,54.565
0.262,-0.889,-0.172,59.570,26.794,56.641
0.254,-0.919,-0.169,43.762,25.879,54.749
0.261,-0.963,-0.156,43.335,24.719,54.443
0.277,-0.955,-0.128,41.016,26.733,56.091
0.278,-0.979,-0.131,39.246,31.250,56.091
0.280,-1.000,-0.156,58.899,36.316,60.425
0.297,-0.888,-0.222,121.338,40.894,73.730
0.294,-0.748,-0.258,133.789,35.645,58.044
0.274,-0.849,-0.240,152.283,32.837,37.659
0.283,-0.876,-0.285,193.237,37.537,29.236
0.304,-0.822,-0.340,171.692,37.231,28.198
0.337,-0.755,-0.409,132.874,36.987,22.766
0.338,-0.783,-0.432,93.628,37.964,16.724
0.330,-0.815,-0.450,64.697,40.771,16.357
0.309,-0.814,-0.479,67.566,42.847,19.897
0.308,-0.805,-0.509,70.984,44.373,23.376
0.314,-0.774,-0.521,62.012,43.274,26.978
0.312,-0.767,-0.530,47.668,42.175,25.940
0.314,-0.781,-0.540,30.212,41.382,25.208
0.330,-0.782,-0.563,14.038,41.931,24.658
0.354,-0.789,-0.595,-1.526,43.457,24.963
0.356,-0.775,-0.589,0.793,44.128,27.100
0.349,-0.742,-0.580,8.057,47.180,29.236
0.337,-0.697,-0.574,25.269,57.129,28.503
0.319,-0.663,-0.566,25.085,60.486,25.024
0.301,-0.608,-0.583,16.052,62.073,21.118
0.318,-0.557,-0.612,-0.549,62.866,16.052
0.325,-0.544,-0.648,-34.363,63.660,-5.310
0.328,-0.657,-0.699,-40.588,62.927,-17.273
0.334,-0.736,-0.716,-33.691,61.462,-24.963
0.345,-0.753,-0.720,0.854,58.044,-22.217
0.349,-0.720,-0.732,8.667,56.946,-18.860
0.318,-0.676,-0.769,10.803,53.284,-16.785
0.315,-0.648,-0.769,10.559,47.424,-15.076
0.321,-0.628,-0.773,3.479,36.926,-16.174
0.307,-0.585,-0.776,2.991,32.776,-18.799
0.287,-0.522,-0.753,11.719,30.396,-23.987
0.274,-0.485,-0.750,47.302,38.208,-49.866
0.274,-0.510,-0.784,60.425,42.297,-64.575
0.282,-0.687,-0.871,62.439,40.588,-73.242
0.275,-0.788,-0.845,57.373,33.813,-74.036
0.269,-0.845,-0.838,31.677,20.752,-54.504
0.215,-0.795,-0.834,18.860,9.644,-42.603
0.180,-0.742,-0.771,10.742,-2.991,-35.522
0.145,-0.717,-0.717,5.066,-12.878,-36.682
0.121,-0.721,-0.672,11.841,-10.193,-40.405
0.092,-0.762,-0.648,16.418,-5.066,-43.457
0.094,-0.766,-0.659,15.381,-1.404,-44.434
0.107,-0.739,-0.676,4.883,-0.305,-42.969
0.127,-0.748,-0.699,-0.977,-2.197,-44.128
0.129,-0.768,-0.696,-9.521,-5.005,-44.739
0.115,-0.799,-0.677,-20.630,-8.606,-42.969
0.094,-0.823,-0.669,-30.334,-9.949,-41.504
0.050,-0.798,-0.657,-45.837,-12.695,-45.288
0.024,-0.887,-0.640,-63.171,-16.296,-54.260
-0.010,-1.015,-0.613,-88.318,-22.339,-57.922
-0.051,-1.148,-0.578,-67.627,-21.484,-47.791
-0.011,-1.043,-0.579,-28.992,-17.212,-33.508
0.026,-0.923,-0.601,-10.498,-6.226,-12.634
0.050,-0.839,-0.627,-22.095,-3.845,-8.423
0.071,-0.753,-0.657,-33.447,-3.967,-7.019
0.072,-0.756,-0.646,-38.940,-5.798,-7.568
0.064,-0.769,-0.607,-36.438,-9.521,-8.118
0.067,-0.783,-0.532,-47.485,-8.484,-9.338
0.085,-0.829,-0.565,-68.604,-5.127,-12.756
0.085,-0.852,-0.591,-111.328,-8.057,-11.536
0.062,-0.832,-0.543,-112.793,-10.315,-11.414
0.052,-0.887,-0.552,-88.440,-7.568,-13.855
0.056,-0.863,-0.530,-60.425,-6.836,-12.573
0.067,-0.876,-0.525,-52.307,-9.399,-18.616
0.044,-0.946,-0.503,-63.477,-14.160,-19.836
0.010,-0.983,-0.439,-67.871,-18.860,-19.775
-0.004,-1.002,-0.407,-17.395,-14.404,-13.123
0.024,-0.882,-0.441,9.644,-9.460,-8.911
0.029,-0.837,-0.453,17.456,-7.263,-8.850
0.028,-0.816,-0.436,9.766,-7.568,-12.024
0.026,-0.804,-0.411,-35.278,-7.446,-20.752
0.010,-0.801,-0.376,-63.171,-6.165,-25.635
0.006,-0.838,-0.366,-83.069,-4.333,-30.884
-0.002,-0.882,-0.352,-111.267,-2.747,-34.302
-0.003,-0.991,-0.305,-114.563,-1.953,-32.288
0.009,-1.009,-0.300,-114.746,-0.488,-27.283
0.012,-0.992,-0.281,-135.315,-0.122,-15.564
0.009,-0.954,-0.246,-156.067,0.305,-13.855
-0.018,-0.877,-0.159,-185.120,1.770,-15.930
-0.032,-0.847,-0.128,-228.149,3.662,-21.118
-0.045,-0.849,-0.101,-337.952,3.662,-37.476
-0.044,-0.964,-0.005,-372.803,0.366,-44.067
-0.037,-1.035,0.061,-397.644,-4.333,-46.082
-0.072,-1.040,0.128,-464.844,-12.939,-37.170
-0.092,-0.969,0.195,-511.902,-16.846,-36.438
-0.102,-0.860,0.310,-588.684,-23.132,-40.100
-0.135,-0.790,0.385,-699.036,-34.363,-43.213
-0.180,-0.692,0.490,-921.692,-72.693,-43.396
-0.212,-0.520,1.011,-848.877,-94.360,-41.809
-0.191,-0.520,1.237,-606.262,-97.717,-39.856
-0.163,-0.514,1.255,-221.191,-43.945,-33.325
-0.139,-0.479,1.163,-168.518,-21.423,-33.508
-0.120,-0.466,1.021,-145.386,-10.864,-35.583
-0.134,-0.444,0.992,-135.925,-7.996,-34.668
-0.164,-0.393,0.948,-161.133,-12.024,-25.269
-0.228,-0.240,0.831,-193.298,-20.691,-22.034
-0.244,-0.201,0.821,-240.540,-34.729,-21.179
-0.248,-0.171,0.852,-377.014,-65.735,-15.930
-0.240,-0.106,0.913,-451.477,-75.317,-9.033
-0.260,0.070,1.016,-526.245,-77.698,-1.404
-0.296,0.203,0.989,-597.229,-72.754,5.859
-0.295,0.323,0.950,-687.744,-61.218,7.874
-0.286,0.500,0.865,-692.871,-55.176,9.094
-0.320,0.615,0.735,-661.560,-46.936,13.733
-0.350,0.716,0.606,-530.884,-41.443,21.851
-0.347,0.779,0.522,-467.407,-45.227,23.743
-0.353,0.888,0.492,-413.086,-46.692,24.231
-0.344,0.934,0.470,-365.601,-43.152,20.752
-0.343,0.941,0.438,-275.330,-36.682,0.305
-0.349,0.832,0.358,-253.357,-38.147,-9.094
-0.367,0.809,0.307,-250.671,-41.321,-11.780
-0.373,0.823,0.255,-235.901,-48.096,-13.123
-0.362,0.834,0.219,-229.492,-51.331,-16.357
-0.341,0.858,0.147,-229.675,-56.030,-18.738
-0.328,0.896,0.132,-231.750,-62.866,-19.287
-0.312,0.938,0.140,-197.754,-73.364,-17.517
-0.287,0.940,0.194,-170.837,-72.815,-16.724
-0.266,0.931,0.218,-157.776,-68.176,-14.771
-0.257,0.932,0.186,-188.293,-45.898,-3.174
-0.269,0.960,0.085,-204.834,-34.058,4.028
-0.289,1.059,-0.073,-205.139,-28.687,8.606
-0.297,1.089,-0.112,-194.458,-27.100,9.705
-0.304,1.101,-0.157,-163.208,-25.940,0.854
-0.302,1.019,-0.190,-139.465,-27.710,-7.324
-0.287,0.942,-0.137,-123.413,-29.602,-13.245
-0.277,0.886,-0.076,-182.556,-18.555,-4.211
-0.279,0.883,-0.073,-232.178,-3.723,5.981
-0.318,0.951,-0.302,-240.845,10.986,10.498
-0.351,0.896,-0.426,-203.613,19.348,7.812
-0.364,0.824,-0.496,-132.080,15.381,5.859
-0.330,0.899,-0.573,-126.709,9.521,11.475
-0.322,0.960,-0.583,-123.596,2.869,13.489
-0.324,0.968,-0.575,-103.577,-9.521,0.427
-0.328,0.912,-0.557,-97.107,-13.123,-6.104
-0.356,0.793,-0.562,-97.778,-13.428,-8.118
-0.380,0.749,-0.591,-105.591,-11.780,-7.629
-0.386,0.690,-0.610,-140.930,-12.939,-2.686
-0.348,0.613,-0.562,-150.513,-13.611,4.150
-0.325,0.639,-0.536,-157.471,-10.010,12.939
-0.323,0.672,-0.581,-155.823,4.456,19.897
-0.331,0.674,-0.657,-140.076,5.249,15.503
-0.332,0.626,-0.735,-122.681,2.197,10.559
-0.330,0.632,-0.763,-116.333,0.122,8.057
-0.337,0.644,-0.827,-119.324,-1.709,4.578
-0.390,0.528,-0.914,-113.281,-8.423,0.793
-0.405,0.387,-0.877,-109.436,-18.494,-0.183
-0.388,0.295,-0.776,-118.103,-28.809,20.935
-0.348,0.309,-0.682,-121.521,-20.752,35.156
-0.297,0.528,-0.714,-125.549,-7.385,42.297
-0.296,0.612,-0.791,-132.935,2.991,39.185
-0.298,0.609,-0.833,-159.546,4.700,12.634
-0.309,0.367,-0.761,-177.490,5.432,1.770
-0.297,0.283,-0.696,-187.988,10.925,-1.404
-0.291,0.253,-0.698,-174.377,30.090,2.319
-0.308,0.219,-0.757,-157.654,33.752,1.343
-0.356,0.099,-0.877,-148.376,32.837,0.916
-0.370,0.051,-0.912,-148.437,29.724,3.540
-0.367,0.049,-0.913,-163.940,21.667,16.113
-0.333,0.156,-0.878,-170.837,18.860,19.897
-0.332,0.132,-0.847,-170.654,17.761,17.273
-0.339,0.059,-0.819,-149.597,21.118,8.301
-0.344,0.008,-0.811,-131.592,24.414,7.690
-0.356,-0.001,-0.916,-96.252,23.926,5.127
-0.357,0.001,-0.947,-39.124,16.541,-1.038
-0.352,0.019,-0.953,91.431,-9.827,-17.151
-0.344,0.005,-0.784,131.287,-19.653,-25.146
-0.332,-0.037,-0.708,136.169,-18.555,-29.541
-0.311,-0.006,-0.700,117.371,3.601,-22.034
-0.288,0.078,-0.719,134.338,12.573,-22.217
-0.313,0.088,-0.722,166.138,19.775,-26.855
-0.331,0.082,-0.742,192.871,26.062,-28.748
-0.335,0.133,-0.761,224.304,31.006,-22.583
-0.349,0.250,-0.793,233.520,31.189,-21.484
-0.349,0.322,-0.809,232.056,30.518,-20.935
-0.345,0.428,-0.836,230.347,23.743,-23.254
-0.347,0.507,-0.852,239.502,16.296,-30.762
-0.349,0.439,-0.698,240.417,10.437,-36.865
-0.348,0.446,-0.651,222.656,12.024,-34.546
-0.351,0.531,-0.694,198.669,22.644,-20.203
-0.362,0.660,-0.739,214.844,19.470,-21.667
-0.356,0.657,-0.688,245.117,14.099,-27.710
-0.343,0.611,-0.588,335.999,9.338,-38.452
-0.335,0.508,-0.461,378.357,12.512,-36.011
-0.385,0.325,-0.390,399.841,17.700,-21.667
-0.415,0.423,-0.374,394.531,19.775,3.540
-0.416,0.634,-0.326,322.876,13.550,46.875
-0.381,1.018,-0.187,294.556,9.521,51.514
-0.375,1.103,-0.096,291.687,9.338,46.265
-0.382,1.117,-0.025,334.778,26.611,21.545
-0.400,1.077,0.001,328.613,36.865,12.085
-0.447,0.988,-0.019,309.021,41.565,8.789
-0.461,0.993,0.027,308.533,39.795,9.705
-0.468,1.019,0.126,386.414,35.095,7.568
-0.468,0.915,0.285,421.570,37.170,-0.122
-0.453,0.787,0.327,423.523,36.743,-7.019
-0.442,0.684,0.381,331.665,23.071,1.221
-0.435,0.669,0.447,274.963,18.738,13.733
-0.445,0.727,0.535,241.699,19.836,22.461
-0.451,0.703,0.541,230.896,23.682,24.719
-0.453,0.645,0.558,262.207,26.978,23.499
-0.459,0.530,0.649,264.221,26.733,26.855
-0.462,0.569,0.719,255.249,26.672,33.630
-0.479,0.646,0.784,293.335,29.968,33.630
-0.499,0.667,0.826,315.552,33.875,23.865
-0.491,0.558,0.841,309.875,36.316,16.296
-0.478,0.521,0.862,271.545,33.997,14.404
-0.478,0.521,0.915,186.462,22.034,17.822
-0.491,0.494,0.991,171.204,22.461,16.479
-0.479,0.398,0.954,172.241,28.564,12.939
-0.460,0.276,0.895,170.715,37.659,15.930
-0.443,0.213,0.900,182.983,38.635,25.818
-0.419,0.176,0.884,205.322,42.114,35.034
-0.412,0.193,0.871,216.431,43.701,41.077
-0.413,0.225,0.886,200.684,37.109,33.997
-0.417,0.158,0.995,188.110,35.400,24.597
-0.405,0.078,1.033,188.782,38.452,20.203
-0.380,-0.016,1.015,217.224,52.673,25.391
-0.361,-0.114,0.949,226.196,55.786,31.433
-0.388,-0.127,0.960,230.835,53.162,40.283
-0.423,-0.033,0.991,235.168,49.622,49.622
-0.451,0.051,0.962,198.120,41.321,50.598
-0.459,0.088,1.030,170.288,31.860,40.161
-0.441,0.016,1.082,168.335,26.367,23.682
-0.403,-0.122,1.049,172.180,37.842,-8.057
-0.356,-0.271,0.963,129.822,43.396,-9.888
-0.299,-0.345,0.918,74.585,43.823,-2.930
-0.296,-0.300,1.009,57.312,42.175,6.165
-0.305,-0.275,1.036,236.389,56.702,17.212
-0.336,-0.240,0.787,296.936,63.538,17.578
-0.330,-0.264,0.745,276.123,57.983,12.695
-0.309,-0.337,0.808,188.171,34.241,-3.357
-0.279,-0.420,0.858,195.923,33.997,-7.874
-0.239,-0.519,0.734,191.101,37.354,-9.888
-0.234,-0.548,0.693,148.071,36.682,-10.376
-0.230,-0.576,0.750,76.599,28.076,-9.094
-0.209,-0.644,0.793,159.851,33.936,-6.958
-0.205,-0.650,0.686,255.737,44.556,-4.822
-0.198,-0.661,0.617,226.135,46.387,-7.385
-0.189,-0.712,0.621,190.124,40.649,-9.644
-0.171,-0.812,0.670,207.764,38.818,-8.362
-0.182,-0.782,0.599,234.375,41.809,-5.066
-0.196,-0.742,0.522,127.808,40.649,-8.179
-0.219,-0.793,0.535,35.217,34.729,-14.587
-0.214,-0.878,0.571,13.977,31.921,-18.799
-0.201,-0.878,0.517,86.670,40.161,-12.756
-0.188,-0.830,0.445,56.152,39.490,-13.672
-0.161,-0.830,0.410,-12.756,34.912,-18.555
-0.161,-0.832,0.445,-97.351,29.053,-23.621
-0.176,-0.831,0.512,-272.644,18.188,-32.593
-0.229,-0.789,0.665,-325.317,14.526,-34.546
-0.248,-0.739,0.744,-341.370,11.658,-34.485
-0.249,-0.720,0.837,-194.885,13.794,-35.278
-0.206,-0.775,0.897,-49.011,22.888,-33.203
-0.189,-0.770,0.830,72.998,34.973,-26.794
-0.183,-0.732,0.726,134.949,44.678,-19.348
-0.180,-0.691,0.662,110.229,45.349,-16.235
-0.171,-0.682,0.607,68.176,42.175,-19.287
-0.160,-0.678,0.580,19.165,39.063,-22.278
-0.149,-0.672,0.552,-82.397,30.823,-29.968
-0.159,-0.684,0.637,-113.831,24.658,-33.386
-0.185,-0.682,0.711,-109.253,21.057,-33.569
-0.213,-0.666,0.770,-67.993,20.996,-30.701
-0.227,-0.650,0.780,38.513,29.053,-25.635
-0.214,-0.701,0.764,84.961,34.424,-25.696
-0.196,-0.717,0.683,123.108,40.100,-25.330
-0.182,-0.728,0.634,88.013,38.330,-26.550
-0.165,-0.765,0.623,37.781,34.607,-27.893
-0.167,-0.755,0.594,-12.268,31.921,-29.297
-0.177,-0.745,0.569,-117.859,22.888,-35.706
-0.186,-0.737,0.588,-161.865,16.113,-38.452
-0.185,-0.681,0.668,-197.144,10.193,-40.466
-0.181,-0.683,0.778,-219.849,4.639,-42.419
-0.163,-0.715,0.894,-126.404,9.766,-37.964
-0.120,-0.728,0.798,-69.092,19.592,-32.104
-0.107,-0.731,0.768,-61.096,22.522,-28.198
-0.104,-0.737,0.792,-135.437,14.954,-22.644
-0.106,-0.718,0.812,-188.416,12.024,-19.592
-0.110,-0.628,0.767,-256.470,8.179,-18.066
-0.116,-0.564,0.735,-350.037,0.427,-18.066
-0.134,-0.479,0.765,-578.186,-30.212,-16.907
-0.175,-0.219,1.025,-672.485,-44.373,-14.709
-0.186,-0.075,1.108,-749.268,-50.049,-10.925
-0.199,0.083,1.108,-847.839,-42.908,0.977
-0.211,0.264,1.070,-856.079,-38.574,4.395
-0.232,0.555,0.939,-844.299,-34.912,3.906
-0.232,0.678,0.857,-819.946,-32.654,2.258
-0.228,0.821,0.790,-736.267,-31.677,-4.578
-0.202,1.003,0.549,-632.935,-25.574,-16.296
-0.205,0.922,0.385,-487.610,-17.151,-31.616
-0.230,0.811,0.263,-266.846,-11.597,-38.269
-0.239,0.762,0.211,-221.252,-15.198,-27.283
-0.217,0.877,0.281,-194.092,-18.860,-16.418
-0.203,0.928,0.294,-173.035,-17.700,-12.207
-0.190,0.923,0.238,-135.437,-7.202,-17.029
-0.168,0.862,0.172,-119.324,-5.981,-17.822
-0.167,0.849,0.180,-102.173,-4.700,-16.418
-0.172,0.842,0.179,-70.313,7.812,-8.911
-0.184,0.847,0.161,-74.341,15.808,-2.869
-0.236,0.892,0.053,-94.482,21.423,3.174
-0.252,0.949,-0.025,-111.877,24.048,8.606
-0.255,1.010,-0.091,-101.929,20.203,10.498
-0.242,1.004,-0.116,-95.398,14.709,6.653
-0.230,0.969,-0.103,-98.755,9.827,3.784
-0.220,0.958,-0.105,-104.980,5.066,4.456
-0.213,0.966,-0.118,-95.825,3.906,4.700
-0.210,0.964,-0.090,-84.534,4.211,4.761
-0.214,0.972,-0.075,-74.890,7.629,5.371
-0.218,0.982,-0.090,-56.580,17.151,2.258
-0.231,0.929,-0.138,-49.011,18.311,-1.282
-0.234,0.883,-0.161,-48.218,17.395,-3.296
-0.232,0.861,-0.194,-55.725,11.475,0.305
-0.227,0.858,-0.206,-56.274,6.897,2.563
-0.217,0.831,-0.154,-56.152,4.089,4.028
-0.222,0.822,-0.143,-51.697,4.822,5.432
-0.231,0.816,-0.153,-24.963,12.146,7.812
-0.237,0.788,-0.192,-13.000,14.160,8.728
-0.230,0.779,-0.200,-1.404,14.099,10.498
-0.225,0.776,-0.194,35.461,13.245,15.320
-0.223,0.765,-0.180,51.453,14.832,18.738
-0.221,0.759,-0.139,58.838,17.029,24.353
-0.226,0.796,-0.110,62.317,19.897,31.006
-0.237,0.834,-0.084,74.402,31.738,37.842
-0.239,0.900,-0.101,84.839,37.964,37.720
-0.255,0.946,-0.141,99.609,40.283,36.804
-0.300,0.934,-0.256,210.815,28.687,31.921
-0.308,0.895,-0.271,209.351,-0.488,33.325
-0.332,0.772,0.135,134.338,-21.240,35.339
-0.334,0.719,0.040,98.083,-12.695,41.626
-0.319,0.814,-0.034,120.483,-4.700,70.618
-0.333,1.080,0.202,93.750,-13.550,73.914
-0.344,1.140,0.265,47.546,-12.146,65.613
-0.346,1.136,0.234,1.709,12.390,34.241
-0.360,1.078,0.177,6.714,21.118,22.705
-0.417,0.913,0.119,9.033,24.658,17.456
-0.441,0.860,0.107,2.930,23.987,17.822
-0.459,0.840,0.095,-20.081,16.602,26.184
-0.444,0.884,0.113,-22.949,14.648,30.518
-0.436,0.910,0.114,-17.395,16.724,32.776
-0.425,0.888,0.101,-13.489,25.391,29.724
-0.409,0.835,0.103,-10.681,30.029,31.494
-0.422,0.826,0.124,-0.061,36.743,37.842
-0.458,0.882,0.082,11.597,44.128,44.983
-0.541,0.943,-0.019,29.968,43.823,47.607
-0.333,1.074,-0.249,29.114,26.672,42.175
-0.168,1.150,-0.285,-3.540,-3.723,31.128
-0.365,1.161,-0.182,-79.285,-67.993,-4.822
-0.599,1.081,0.042,-73.425,-74.402,-21.729
-0.562,0.846,0.303,-53.162,-58.960,-29.541
-0.458,0.814,0.240,-30.457,-32.166,-26.123
-0.380,0.857,0.164,3.113,7.080,-10.681
-0.441,0.928,0.126,18.188,14.648,-9.766
-0.492,0.875,0.136,30.273,18.616,-12.146
-0.514,0.796,0.138,36.682,25.513,-11.169
-0.498,0.741,0.100,39.368,28.320,-5.981
-0.418,0.711,0.033,36.255,26.245,0.061
-0.428,0.742,0.069,26.001,19.775,6.104
-0.448,0.796,0.117,12.085,11.597,15.808
-0.416,0.924,0.154,13.489,12.817,18.311
-0.395,0.974,0.153,15.015,14.771,17.334
-0.388,0.996,0.148,24.292,14.771,2.502
-0.376,0.984,0.149,24.292,12.451,-6.653
-0.405,0.913,0.129,13.916,10.071,-12.756
-0.443,0.892,0.077,0.610,7.507,-15.320
-0.450,0.877,0.050,-14.465,-5.005,-15.625
-0.402,0.829,0.157,-12.268,-10.681,-14.465
-0.403,0.814,0.223,-7.202,-10.803,-11.414
-0.413,0.833,0.246,-14.954,1.770,-1.465
-0.419,0.875,0.222,-18.799,6.836,-0.122
-0.407,0.890,0.152,-16.846,7.507,-2.747
-0.400,0.854,0.162,-13.855,4.761,-7.080
-0.403,0.825,0.184,-3.967,2.991,-10.132
-0.412,0.815,0.203,8.850,6.775,-8.057
-0.434,0.817,0.197,19.531,12.390,-3.784
-0.459,0.847,0.163,6.104,20.142,8.667
-0.459,0.913,0.124,-12.756,16.479,10.071
-0.408,0.958,0.151,-27.283,8.423,6.042
-0.370,0.910,0.238,-32.410,1.038,2.319
-0.351,0.896,0.316,-24.353,6.714,5.188
-0.358,0.922,0.303,-8.057,18.005,4.700
-0.372,0.914,0.269,7.751,27.710,1.770
-0.393,0.915,0.231,16.663,37.781,-2.991
-0.415,0.918,0.165,13.550,38.879,-4.944
-0.447,0.860,0.064,4.333,36.499,-6.287
-0.458,0.833,0.064,-6.470,32.410,-5.615
-0.468,0.833,0.077,-8.667,29.114,2.441
-0.499,0.905,0.034,-6.592,29.846,7.629
-0.497,0.944,0.013,-10.986,28.137,9.766
-0.477,0.938,0.049,-22.827,16.541,1.587
-0.453,0.903,0.119,-23.621,14.099,-2.258
-0.431,0.882,0.176,-20.630,16.113,-4.456
-0.434,0.879,0.141,-14.099,20.447,-6.348
-0.442,0.873,0.081,2.747,27.466,-8.545
-0.450,0.871,-0.027,6.714,27.039,-8.606
-0.448,0.859,-0.026,5.615,23.254,-8.545
-0.441,0.841,0.017,0.610,15.259,-4.639
-0.431,0.834,0.070,-0.977,14.343,-1.038
-0.415,0.874,0.160,-3.357,14.221,1.404
-0.408,0.889,0.202,-5.737,14.526,1.221
-0.407,0.893,0.210,7.935,22.888,-3.662
-0.409,0.894,0.120,26.733,27.588,-5.554
-0.407,0.897,0.072,48.401,28.992,-6.226
-0.404,0.911,0.045,102.722,22.949,-4.395
-0.393,0.932,0.056,132.751,17.761,-3.967
-0.405,0.934,0.174,146.423,12.878,-5.676
-0.403,0.927,0.230,127.380,9.521,-9.216
-0.380,0.941,0.276,110.229,12.939,-14.832
-0.403,0.956,0.391,167.175,21.240,-17.273
-0.427,0.885,0.423,242.126,33.936,-20.813
-0.421,0.795,0.426,315.430,54.626,-19.287
-0.390,0.749,0.449,346.313,59.998,-9.155
-0.377,0.646,0.524,381.287,65.735,1.282
-0.362,0.522,0.512,380.981,67.505,9.094
-0.343,0.458,0.506,287.048,41.321,30.457
-0.340,0.559,0.591,224.182,23.010,36.316
-0.325,0.566,0.673,162.903,11.047,33.142
-0.304,0.522,0.742,108.643,10.071,22.461
-0.287,0.485,0.790,105.225,14.587,22.400
-0.297,0.523,0.841,101.379,18.677,22.888
-0.323,0.561,0.878,107.849,22.827,22.705
-0.344,0.559,0.886,189.697,39.368,21.729
-0.339,0.430,0.801,228.088,46.204,22.095
-0.338,0.370,0.769,241.394,46.753,23.560
-0.339,0.340,0.775,226.807,33.264,27.100
-0.343,0.321,0.792,194.885,25.818,26.489
-0.350,0.271,0.834,150.208,19.104,24.963
-0.343,0.253,0.869,107.422,13.489,23.193
-0.336,0.245,0.906,47.424,9.216,18.311
-0.342,0.256,0.987,45.898,10.925,16.418
-0.334,0.241,0.965,61.707,15.625,15.503
-0.320,0.216,0.906,75.012,19.592,13.123
-0.306,0.197,0.907,87.708,15.381,13.245
-0.298,0.149,0.974,103.271,14.832,14.709
-0.298,0.117,0.929,97.900,17.334,16.052
-0.295,0.092,0.915,54.199,11.841,15.991
-0.281,0.055,1.014,61.340,10.132,15.991
-0.277,0.027,0.996,76.660,13.916,16.663
-0.276,0.009,0.942,70.068,18.127,20.264
-0.277,-0.002,0.907,55.725,14.038,21.545
-0.274,-0.020,0.886,36.804,9.460,22.034
-0.278,-0.021,0.867,11.658,5.127,21.729
-0.280,-0.022,0.884,-11.780,-5.493,20.996
-0.276,-0.033,1.027,18.250,-7.019,22.766
-0.280,-0.054,1.056,67.688,-3.479,26.733
-0.280,-0.084,1.029,151.428,7.812,38.574
-0.278,-0.112,0.965,150.330,8.118,43.091
-0.266,-0.133,0.934,126.770,3.723,44.922
-0.263,-0.151,0.950,98.022,-0.977,44.128
-0.268,-0.171,0.962,51.758,-5.737,43.213
-0.282,-0.160,1.012,33.997,-7.080,45.105
-0.295,-0.130,1.063,26.123,-7.446,46.631
-0.304,-0.113,1.107,63.354,1.953,45.227
-0.310,-0.126,1.104,82.214,11.963,42.664
-0.271,-0.222,1.018,95.459,19.897,41.016
-0.273,-0.250,0.974,101.074,22.583,42.114
-0.295,-0.238,0.951,78.186,18.127,46.021
-0.301,-0.235,0.906,59.143,16.479,44.800
-0.291,-0.242,0.922,42.664,13.672,43.884
-0.285,-0.234,0.960,38.086,13.000,43.640
-0.283,-0.221,1.000,44.128,16.724,41.870
-0.281,-0.229,1.010,57.373,21.118,39.307
-0.281,-0.247,1.021,78.003,25.391,36.438
-0.277,-0.264,1.017,118.164,35.217,31.433
-0.250,-0.309,0.930,125.610,39.246,28.564
-0.227,-0.328,0.870,125.977,40.344,26.001
-0.207,-0.340,0.819,82.092,32.898,20.325
-0.183,-0.379,0.840,55.969,27.649,17.151
-0.178,-0.395,0.850,53.284,25.757,15.198
-0.173,-0.414,0.843,105.835,28.137,16.113
-0.163,-0.437,0.831,147.827,28.442,18.555
-0.129,-0.475,0.798,194.031,28.625,21.179
-0.110,-0.504,0.753,227.173,28.625,22.339
-0.099,-0.548,0.732,235.840,22.339,20.630
-0.105,-0.594,0.746,225.098,19.348,20.813
-0.119,-0.590,0.745,211.853,18.005,20.813
-0.125,-0.579,0.715,165.222,18.677,15.625
-0.121,-0.572,0.660,110.718,16.785,9.216
-0.132,-0.706,0.671,72.815,12.512,3.052
-0.125,-0.789,0.711,101.257,10.742,3.052
-0.112,-0.807,0.692,256.409,23.193,18.250
-0.098,-0.754,0.524,282.776,28.137,22.339
-0.113,-0.743,0.472,258.606,26.733,20.874
-0.141,-0.756,0.471,153.564,14.038,9.094
-0.156,-0.792,0.496,118.835,11.108,3.174
-0.126,-0.841,0.481,89.172,11.475,-1.770
-0.105,-0.868,0.460,50.171,12.329,-6.897
-0.102,-0.920,0.461,-13.916,10.864,-14.160
-0.115,-1.041,0.517,-3.967,10.742,-10.925
-0.118,-1.025,0.499,31.860,13.245,-3.235
-0.115,-0.994,0.460,98.572,18.005,6.653
-0.107,-0.976,0.426,116.638,18.250,6.714
-0.085,-0.975,0.387,123.108,18.250,5.676
-0.063,-0.971,0.363,117.554,18.738,5.188
-0.046,-0.965,0.341,74.768,19.470,4.883
-0.026,-0.964,0.294,52.734,19.409,4.944
-0.026,-0.964,0.283,33.447,18.066,5.493
-0.038,-0.976,0.312,7.263,12.695,7.629
-0.054,-0.989,0.355,4.883,13.062,9.888
-0.084,-0.953,0.368,5.127,15.320,12.207
-0.098,-0.910,0.349,5.188,17.578,13.306
-0.104,-0.864,0.332,-4.028,20.020,9.827
-0.102,-0.859,0.298,0.977,20.325,6.470
-0.082,-0.854,0.288,22.461,20.203,4.639
-0.070,-0.869,0.276,57.861,20.508,2.136
-0.080,-0.906,0.271,70.007,19.470,2.930
-0.115,-0.957,0.289,89.478,18.005,4.883
-0.128,-0.956,0.304,102.539,16.968,5.554
-0.136,-0.976,0.309,91.248,18.311,-2.136
-0.114,-1.021,0.283,80.017,20.081,-6.226
-0.087,-1.056,0.250,70.190,22.522,-9.277
-0.057,-1.091,0.203,69.397,26.123,-6.714
-0.022,-1.105,0.162,61.218,25.757,-1.282
0.021,-1.139,0.121,40.100,24.658,3.967
0.019,-1.199,0.133,27.344,23.437,10.010
0.016,-1.211,0.127,84.473,25.879,33.936
-0.004,-1.027,0.042,120.300,27.588,44.434
-0.023,-0.951,0.014,143.311,27.161,47.791
-0.028,-0.905,0.010,151.672,21.973,42.175
-0.020,-0.883,0.008,133.118,20.813,37.231
-0.012,-0.975,0.021,113.464,20.996,32.776
0.015,-1.010,0.018,100.586,22.644,31.860
0.039,-0.988,-0.004,55.420,27.283,33.142
0.079,-0.977,-0.059,16.724,27.832,28.870
0.084,-1.041,-0.053,-20.142,27.527,23.315
0.092,-1.115,-0.041,-42.725,29.602,24.414
0.103,-1.119,-0.043,-27.954,32.593,31.860
0.090,-0.931,-0.046,-7.507,35.156,35.706
0.079,-0.863,-0.025,-4.639,36.011,31.494
0.073,-0.849,0.005,-88.745,35.645,6.226
0.043,-1.057,0.073,-134.888,37.109,-6.775
0.054,-1.149,0.077,-141.174,40.039,-10.803
0.077,-1.108,0.068,-103.455,46.082,1.343
0.091,-1.029,0.064,-114.136,48.279,1.038
0.094,-0.976,0.082,-145.569,49.316,-3.906
0.068,-0.982,0.157,-191.467,48.950,-10.071
-0.001,-0.975,0.295,-278.381,49.744,-23.010
-0.169,-0.767,0.612,-330.994,54.321,-36.255
-0.140,-0.737,0.599,-437.744,61.157,-61.340
-0.031,-0.828,0.474,-810.181,49.377,-121.216
0.060,-0.969,0.419,-926.697,19.836,-133.667
0.102,-1.159,0.964,-825.989,-9.094,-124.573
0.124,-1.085,1.156,-520.142,-12.085,-96.069
0.104,-0.881,1.099,-81.543,46.814,-40.405
-0.020,-0.571,0.854,-57.922,61.768,-35.583
-0.047,-0.537,0.821,-51.575,58.960,-39.368
-0.036,-0.526,0.800,-54.321,35.889,-47.546
-0.001,-0.535,0.814,-79.346,24.414,-52.795
0.068,-0.625,0.903,-91.797,17.639,-57.373
0.072,-0.643,0.944,-77.148,17.517,-57.007
0.059,-0.618,0.930,-35.645,31.860,-44.617
0.020,-0.538,0.818,-33.508,35.461,-39.490
-0.008,-0.462,0.797,-38.513,33.020,-36.438
-0.028,-0.406,0.815,-56.335,18.494,-41.016
-0.029,-0.420,0.887,-38.391,12.573,-42.603
0.024,-0.499,0.986,-14.404,12.146,-38.940
0.044,-0.493,0.965,-11.841,14.954,-33.386
0.037,-0.461,0.942,-36.987,18.372,-30.029
0.275,0.778,2.631,-49.316,152.710,19.897
0.065,0.906,2.629,-5.798,232.117,6.165
-0.176,1.066,2.465,128.784,409.729,-19.958
-0.912,1.664,1.539,163.452,506.836,-24.841
-1.854,2.087,-0.412,138.916,621.460,-39.856
-3.103,1.815,-3.009,-262.695,680.725,-99.976
-4.000,0.582,-4.000,-469.482,295.776,-30.884
-3.930,0.765,-3.399,-490.478,-357.239,153.992
-3.125,2.559,-0.948,-443.481,-900.024,335.449
-2.055,3.622,1.661,-383.728,-891.785,230.408
-0.417,2.258,3.588,-220.947,-627.747,39.795
-0.053,1.146,3.347,-31.067,-417.175,-97.351
0.109,0.485,3.064,89.172,-217.895,-124.390
0.183,0.337,2.901,86.060,-134.827,-79.956
0.286,0.954,1.956,110.352,-37.659,-45.227
0.277,1.215,1.145,158.142,42.847,-38.635
0.231,1.226,0.450,208.008,74.280,-77.942
0.194,0.847,-0.016,177.307,44.373,-88.806
0.242,0.667,0.101,123.291,11.902,-84.106
0.302,0.576,0.267,25.696,-16.785,-45.166
0.336,0.557,0.387,3.235,-12.085,-25.085
0.305,0.582,0.456,-8.606,-1.526,-8.301
0.264,0.638,0.413,-13.611,10.315,5.981
0.229,0.729,0.339,-5.432,26.123,24.597
0.153,0.928,0.229,9.399,30.334,26.062
0.104,0.975,0.156,28.931,34.851,21.973
0.050,0.979,0.060,54.382,35.583,10.071
-0.005,0.971,-0.025,57.739,27.832,10.437
-0.101,1.057,-0.084,43.701,14.587,13.794
-0.054,1.087,-0.027,0.183,-3.662,14.282
0.002,1.038,0.096,-103.333,-36.255,7.263
0.057,0.878,0.243,-124.573,-40.894,8.789
0.080,0.847,0.260,-129.456,-40.405,17.090
0.084,0.893,0.274,-134.827,-32.898,46.265
0.082,1.004,0.296,-136.658,-23.682,54.443
0.062,1.188,0.215,-125.183,-10.620,52.185
0.049,1.153,0.135,-101.318,0.488,40.344
0.049,1.056,0.100,-49.988,3.235,18.738
0.013,1.010,0.166,-31.616,2.991,19.470
-0.001,1.077,0.181,-18.066,7.629,21.606
-0.061,1.150,0.195,41.260,22.339,9.949
-0.147,1.199,0.270,85.876,33.630,-5.310
0.107,1.026,0.239,87.891,50.842,-22.827
0.199,0.921,0.011,56.152,65.063,-30.212
0.148,0.933,-0.162,2.625,38.757,-11.658
-0.014,1.076,-0.032,-12.329,10.010,-6.714
-0.013,1.056,0.091,-18.677,-8.484,-10.010
-0.001,0.995,0.148,-12.451,-6.042,-17.700
0.001,0.954,0.141,-14.587,2.014,-16.296
-0.000,0.949,0.071,-20.874,7.446,-14.221
0.003,0.914,0.061,-27.649,9.094,-13.062
0.006,0.869,0.055,-43.762,8.545,-6.836
0.025,0.851,-0.021,-56.030,9.827,-0.244
0.046,0.897,-0.074,-63.538,10.376,7.324
0.061,0.956,-0.077,-53.284,-0.122,15.991
0.074,1.001,-0.028,-41.626,-6.958,14.160
0.072,1.029,0.045,-32.776,-9.705,9.766
0.061,1.017,0.011,-30.823,-8.545,5.066
0.055,0.998,-0.039,-33.997,-7.263,1.404
0.055,0.987,-0.065,-34.546,-8.484,3.235
0.047,0.986,-0.029,-28.625,-8.362,5.981
0.007,1.007,0.028,29.785,-0.488,11.841
-0.023,1.067,0.109,74.768,7.751,10.376
0.101,0.950,0.099,70.679,16.724,2.747
0.131,0.813,0.018,39.429,20.874,-1.099
0.111,0.747,-0.020,-14.099,6.104,22.217
0.036,0.856,0.017,-27.344,-2.136,38.330
0.021,0.918,0.033,-24.231,-3.479,48.157
0.007,0.945,0.017,-7.446,4.578,52.002
-0.012,0.957,-0.016,-6.226,4.822,52.368
-0.062,0.988,-0.035,-6.348,1.038,53.345
-0.073,0.999,-0.017,-3.601,-3.662,54.443
-0.069,1.008,-0.003,8.789,-8.545,56.763
-0.070,1.023,0.017,13.306,-11.292,56.702
-0.085,1.018,0.027,16.663,-15.747,54.687
-0.104,0.997,0.048,22.034,-25.940,45.898
-0.116,0.964,0.097,20.325,-24.414,43.396
-0.146,0.935,0.161,16.052,-14.038,44.189
-0.167,0.934,0.116,11.902,1.404,46.326
-0.185,0.914,0.047,12.939,20.386,51.208
-0.189,0.813,0.006,15.320,19.653,58.960
-0.182,0.843,0.031,20.142,17.761,73.975
-0.196,0.968,0.026,15.320,20.752,98.877
-0.230,1.020,-0.007,13.977,22.339,98.083
-0.284,0.950,-0.082,25.269,20.874,97.473
-0.297,0.938,-0.058,43.213,15.442,100.830
-0.303,0.969,-0.011,46.753,2.197,110.840
-0.323,1.064,0.050,35.461,-2.625,110.657
-0.336,1.062,0.060,29.846,-6.042,105.225
-0.354,1.004,0.058,36.682,-11.597,90.454
-0.376,0.931,0.044,38.635,-16.052,88.684
-0.397,0.870,0.073,39.001,-21.545,90.759
-0.394,0.881,0.127,34.119,-25.818,94.849
-0.392,0.902,0.157,0.732,-28.748,101.318
-0.405,0.889,0.168,0.732,-29.907,101.196
-0.424,0.850,0.209,16.052,-30.884,99.548
-0.455,0.804,0.233,32.715,-25.574,96.802
-0.487,0.773,0.219,28.259,-22.400,98.450
-0.524,0.816,0.177,25.940,-21.423,101.807
-0.529,0.856,0.174,25.574,-22.400,103.516
-0.527,0.861,0.174,22.705,-26.062,95.947
-0.538,0.790,0.173,27.283,-27.161,90.454
-0.552,0.757,0.158,34.058,-27.771,86.060
-0.565,0.720,0.145,26.184,-33.142,80.139
-0.588,0.664,0.195,14.343,-36.621,80.444
-0.596,0.680,0.213,6.165,-36.743,83.252
-0.604,0.704,0.201,6.104,-33.630,86.121
-0.612,0.701,0.187,19.165,-27.649,85.144
-0.616,0.633,0.206,25.818,-25.818,84.656
-0.624,0.626,0.207,26.917,-24.048,86.548
-0.640,0.646,0.197,10.376,-21.729,89.294
-0.673,0.689,0.168,2.625,-20.630,86.487
-0.682,0.686,0.145,0.916,-18.921,81.482
-0.686,0.659,0.136,4.517,-17.334,76.050
-0.688,0.619,0.142,7.385,-14.709,71.716
-0.702,0.536,0.147,6.348,-12.756,73.792
-0.712,0.507,0.150,5.493,-11.230,77.026
-0.725,0.473,0.157,6.470,-9.888,82.275
-0.762,0.438,0.167,12.512,-7.629,85.876
-0.781,0.470,0.149,17.639,-3.418,89.722
-0.792,0.515,0.116,25.024,3.845,90.881
-0.798,0.532,0.086,25.635,3.296,88.379
-0.796,0.489,0.082,18.066,-0.732,87.219
-0.798,0.493,0.109,6.104,-5.554,88.440
-0.810,0.521,0.124,-3.296,-6.653,87.158
-0.839,0.513,0.079,1.770,-5.737,79.590
-0.843,0.454,0.067,8.667,-7.385,70.923
-0.840,0.398,0.081,13.733,-11.780,64.880
-0.835,0.352,0.113,13.733,-10.315,67.078
-0.834,0.342,0.169,11.414,-6.714,70.313
-0.833,0.378,0.195,9.033,-2.502,72.754
-0.838,0.418,0.220,7.141,6.897,71.167
-0.878,0.421,0.168,23.865,13.916,66.101
-0.898,0.345,0.104,62.134,20.020,59.448
-0.913,0.285,0.078,108.459,17.578,49.438
-0.922,0.243,0.097,92.834,14.465,45.227
-0.929,0.276,0.251,70.557,18.311,44.006
-0.928,0.379,0.269,62.500,31.738,41.443
-0.920,0.480,0.223,72.327,52.124,6.714
-0.905,0.418,0.231,62.744,48.279,-15.869
-0.883,0.373,0.314,41.321,44.067,-23.499
-0.875,0.375,0.373,13.489,59.509,-20.081
-0.895,0.481,0.349,4.822,71.411,-31.555
-0.896,0.514,0.282,2.686,77.637,-58.289
-0.900,0.372,0.302,7.874,81.909,-79.102
-0.915,0.321,0.270,14.526,95.642,-67.017
-0.942,0.414,0.156,3.601,95.032,-61.951
-0.925,0.413,0.166,-15.320,87.036,-66.711
-0.893,0.370,0.203,-40.161,66.040,-72.754
-0.865,0.325,0.241,-39.429,59.082,-64.026
-0.839,0.362,0.339,-41.138,56.519,-51.697
-0.822,0.429,0.367,-49.561,59.265,-42.969
-0.804,0.472,0.375,-69.946,69.885,-45.166
-0.768,0.492,0.424,-83.496,72.876,-50.232
-0.753,0.525,0.477,-101.257,76.294,-54.749
-0.751,0.572,0.526,-146.301,92.896,-72.754
-0.751,0.618,0.530,-168.945,104.980,-88.806
-0.748,0.633,0.425,-180.847,114.014,-104.858
-0.745,0.619,0.379,-187.256,116.882,-117.004
-0.729,0.577,0.331,-198.730,105.347,-122.314
-0.658,0.576,0.354,-193.420,93.872,-114.014
-0.630,0.619,0.408,-183.472,84.656,-105.347
-0.605,0.650,0.415,-151.917,81.909,-98.511
-0.589,0.672,0.385,-127.319,83.069,-96.069
-0.596,0.723,0.320,-103.394,83.252,-93.201
-0.609,0.766,0.307,-90.454,81.421,-91.492
-0.605,0.810,0.295,-89.416,75.562,-98.511
-0.527,0.865,0.274,-79.041,73.425,-106.262
-0.494,0.903,0.301,-60.120,72.693,-114.807
-0.472,0.969,0.331,-28.625,81.360,-144.104
-0.454,1.036,0.331,-18.066,89.294,-169.983
-0.431,1.152,0.305,-6.714,95.459,-202.759
-0.404,1.140,0.337,3.296,100.220,-239.380
-0.345,1.021,0.360,3.357,117.432,-283.264
-0.200,0.755,0.342,4.639,124.451,-277.771
-0.144,0.701,0.360,8.484,123.901,-260.864
-0.084,0.719,0.371,-9.888,108.582,-217.468
-0.023,0.784,0.353,-20.264,100.342,-201.050
0.083,0.858,0.297,-22.278,92.163,-192.017
0.111,0.843,0.271,-17.822,83.252,-187.378
0.105,0.850,0.260,1.465,62.805,-177.917
0.122,0.934,0.295,4.456,52.795,-174.927
0.154,1.022,0.298,0.916,44.739,-177.124
0.211,0.955,0.190,1.526,19.531,-196.594
0.310,0.618,0.035,-31.250,-16.907,-164.978
0.466,0.510,0.252,-54.504,-49.622,-101.868
0.450,0.752,0.422,-65.125,-60.242,-44.250
0.406,0.915,0.500,-62.744,-25.024,-12.573
0.307,0.987,0.400,-46.997,0.549,-21.362
0.288,0.956,0.309,-27.588,19.592,-31.372
0.306,0.883,0.254,-3.784,24.170,-38.696
0.340,0.794,0.274,3.601,17.151,-32.349
0.339,0.791,0.392,9.949,14.709,-20.935
0.322,0.884,0.380,12.817,19.043,-11.963
0.330,0.935,0.325,17.944,34.607,-17.700
0.399,0.911,0.202,24.902,38.696,-24.170
0.432,0.881,0.188,30.457,35.339,-28.931
0.441,0.854,0.201,20.020,16.296,-26.123
0.413,0.869,0.218,12.207,9.094,-21.362
0.302,0.945,0.235,9.583,4.822,-20.142
0.265,0.935,0.254,14.282,3.845,-20.935
0.271,0.907,0.272,31.799,11.292,-15.869
0.406,0.855,0.238,38.025,14.832,-8.728
0.508,0.865,0.238,40.222,13.672,0.549
0.600,0.888,0.331,35.889,6.592,12.146
0.614,0.922,0.501,46.265,24.170,11.047
0.393,0.976,0.592,69.031,65.491,6.165
0.313,0.937,0.370,90.149,112.000,0.183
0.324,0.903,0.057,75.745,100.891,-11.230
0.410,0.878,0.156,66.162,46.082,-18.921
0.422,0.904,0.401,69.946,11.414,-25.024
0.439,0.940,0.420,74.646,16.846,-47.913
0.391,0.998,0.118,70.984,-2.625,-63.843
0.646,1.097,-0.071,49.377,-67.688,-88.257
0.681,0.896,0.597,19.531,-136.353,-124.268
0.461,0.786,1.253,-45.776,-64.941,-163.330
0.233,0.836,0.978,-46.509,49.622,-169.922
0.330,0.735,0.415,-25.940,133.789,-182.251
0.458,0.603,0.078,-0.122,124.512,-186.218
0.515,0.576,0.054,6.531,88.928,-172.058
0.534,0.766,0.300,1.099,74.036,-159.241
0.567,0.755,0.335,-19.836,80.078,-152.344
0.534,0.697,0.363,-86.548,94.360,-148.071
0.673,0.527,0.494,-96.497,96.680,-153.442
0.809,0.423,0.407,-73.303,102.600,-163.330
0.907,0.358,0.282,-10.376,96.680,-163.269
0.969,0.351,0.212,-17.395,81.848,-149.902
0.912,0.462,0.139,-46.143,65.369,-137.451
0.823,0.456,0.138,-70.923,51.392,-130.127
0.737,0.411,0.207,-84.534,44.067,-114.563
0.724,0.352,0.371,-100.159,57.800,-101.196
0.843,0.341,0.283,-127.930,83.496,-84.167
0.964,0.364,0.166,-197.205,129.517,-49.011
1.004,0.400,0.080,-230.469,143.555,-38.025
0.950,0.371,-0.109,-251.038,148.376,-33.142
0.866,0.334,-0.187,-243.774,138.794,-33.936
0.800,0.310,-0.252,-177.063,93.445,-35.461
0.987,0.315,-0.393,-154.175,76.782,-23.010
1.187,0.318,-0.362,-144.836,66.772,-1.831
1.301,0.349,-0.226,-153.076,50.720,32.104
1.239,0.490,-0.052,-164.001,47.791,24.109
0.821,0.851,-0.010,-183.838,56.213,-13.123
0.723,0.707,-0.293,-201.782,74.707,-72.144
0.771,0.360,-0.553,-186.340,95.032,-132.385
0.965,-0.191,-0.467,-178.955,86.853,-96.680
0.953,-0.182,-0.358,-179.504,78.430,-36.072
0.877,-0.028,-0.370,-154.541,76.416,48.767
0.827,0.104,-0.466,-144.043,76.294,61.829
0.915,-0.086,-0.620,-162.415,76.172,84.900
0.903,-0.096,-0.523,-198.303,77.026,131.897
0.858,0.130,-0.307,-251.465,90.637,206.116
0.769,0.417,-0.369,-260.864,111.450,190.124
0.739,0.348,-0.615,-239.258,125.793,152.832
0.740,0.289,-0.706,-153.381,104.553,88.379
0.739,0.276,-0.663,-125.427,90.271,66.650
0.758,0.293,-0.604,-109.009,80.200,47.363
0.746,0.276,-0.645,-99.548,72.815,29.602
0.726,0.248,-0.713,-96.802,63.416,5.798
0.693,0.254,-0.669,-93.323,57.007,-3.540
0.654,0.193,-0.612,-85.266,53.284,-16.602
0.633,0.084,-0.572,-63.354,54.810,-35.645
0.660,0.008,-0.546,-55.664,57.007,-31.372
0.790,0.126,-0.715,-52.429,57.678,-20.386
0.721,0.218,-0.826,-52.917,52.734,-11.414
0.583,0.166,-0.790,-60.669,39.001,-18.982
0.546,-0.124,-0.532,-62.561,44.678,-20.996
0.604,-0.132,-0.535,-56.885,55.664,-13.062
0.641,-0.074,-0.629,-34.119,68.237,11.414
0.647,-0.008,-0.739,-30.457,66.223,21.790
0.579,0.069,-0.846,-33.630,60.425,28.503
0.547,0.067,-0.841,-37.781,49.805,28.320
0.550,0.024,-0.751,-39.246,29.236,16.968
0.576,0.008,-0.826,-40.344,29.236,16.296
0.553,0.012,-0.884,-39.490,23.132,16.602
0.524,-0.018,-0.835,-47.302,-0.183,17.273
0.502,-0.057,-0.753,-58.411,0.061,19.775
0.507,-0.112,-0.689,-65.063,7.996,23.926
0.539,-0.078,-0.674,-64.270,18.494,29.297
0.573,-0.016,-0.659,-52.979,39.551,34.912
0.587,0.020,-0.653,-52.246,52.246,33.569
0.564,-0.016,-0.717,-55.969,66.345,32.898
0.535,-0.043,-0.795,-52.856,77.576,36.316
0.509,-0.055,-0.837,-44.067,71.716,36.926
0.474,-0.104,-0.817,-37.476,64.514,37.964
0.470,-0.128,-0.781,-36.865,60.669,42.297
0.485,-0.109,-0.755,-52.429,66.895,60.181
0.487,0.003,-0.894,-57.556,71.899,65.369
0.455,0.010,-0.993,-52.368,70.435,63.782
0.429,-0.017,-1.035,-25.818,46.387,54.260
0.420,-0.038,-1.020,-15.137,33.630,53.101
0.384,-0.097,-0.948,-8.789,25.635,53.650
0.365,-0.174,-0.910,-7.507,22.400,57.312
0.370,-0.221,-0.873,-10.742,23.804,84.229
0.339,-0.192,-1.076,4.883,22.400,98.999
0.295,-0.194,-1.178,42.358,9.644,108.337
0.281,-0.134,-1.135,110.474,-38.513,119.202
0.300,-0.025,-0.992,121.338,-52.429,116.455
0.355,0.039,-0.766,124.023,-54.138,108.643
0.351,-0.018,-0.799,129.578,-48.767,102.173
0.317,-0.086,-0.880,179.932,-55.847,107.483
0.255,-0.132,-0.835,224.915,-75.073,119.141
0.286,0.073,-0.662,263.306,-95.825,136.230
0.334,0.373,-0.561,252.869,-101.318,150.513
0.350,0.529,-0.650,223.572,-89.539,138.123
0.347,0.456,-0.625,192.749,-77.759,127.258
0.407,0.477,-0.542,166.931,-66.833,125.854
0.516,0.677,-0.480,138.855,-43.884,135.925
0.589,1.066,-0.665,130.554,-31.555,126.831
0.521,0.904,-0.802,116.638,-22.522,107.727
0.440,0.688,-0.796,59.143,-18.982,98.450
0.340,0.482,-0.483,39.429,-12.085,105.103
0.303,0.406,-0.383,38.696,3.052,111.084
0.293,0.429,-0.328,69.519,37.476,131.165
0.338,0.648,-0.307,66.895,52.063,139.465
0.422,1.180,-0.600,46.631,63.660,135.498
0.398,1.192,-0.804,24.414,65.308,117.615
0.334,1.036,-0.860,5.981,34.058,74.768
0.208,0.596,-0.629,-5.493,18.555,71.960
0.184,0.560,-0.471,-22.217,12.512,85.632
0.170,0.616,-0.360,-53.650,33.569,113.220
0.171,0.671,-0.326,-77.698,55.786,118.042
0.232,0.939,-0.536,-108.521,77.881,118.774
0.231,0.995,-0.745,-124.817,92.468,111.328
0.181,0.933,-0.879,-100.037,84.656,84.656
0.074,0.693,-0.788,-94.971,72.021,77.942
0.046,0.616,-0.681,-100.586,64.209,77.942
0.018,0.569,-0.636,-122.009,73.181,88.989
-0.004,0.542,-0.671,-135.010,83.679,98.389
-0.022,0.610,-0.773,-148.071,93.323,107.849
-0.036,0.640,-0.791,-160.645,102.112,112.427
-0.063,0.613,-0.815,-183.472,117.981,107.971
-0.139,0.475,-0.874,-192.078,121.887,107.605
-0.165,0.452,-0.880,-198.059,122.620,111.450
-0.174,0.431,-0.867,-193.604,121.399,120.422
-0.191,0.395,-0.833,-184.937,124.451,123.840
-0.266,0.373,-0.866,-178.406,130.249,124.329
-0.290,0.380,-0.958,-169.250,133.606,121.155
-0.347,0.324,-1.022,-141.113,119.690,112.061
-0.394,0.151,-0.974,-145.874,113.342,117.615
-0.403,0.185,-0.948,-156.311,112.732,128.845
-0.437,0.178,-0.948,-137.756,107.849,128.906
-0.461,0.129,-0.951,-119.812,99.426,123.718
-0.513,0.003,-0.864,-115.662,91.003,121.094
-0.523,-0.052,-0.799,-132.629,87.585,123.840
-0.509,-0.057,-0.774,-177.673,99.243,137.756
-0.497,-0.025,-0.764,-181.152,105.591,139.832
-0.477,0.020,-0.712,-180.725,108.826,138.733
-0.462,0.074,-0.664,-151.917,114.258,120.666
-0.474,0.074,-0.679,-113.281,114.807,97.046
-0.633,-0.179,-0.827,-68.665,108.032,68.787
-0.685,-0.291,-0.940,-43.091,93.201,44.373
-0.678,-0.362,-1.001,12.390,48.523,18.921
-0.607,-0.170,-0.877,63.843,25.452,17.883
-0.565,0.047,-0.726,109.314,6.348,11.414
-0.554,0.130,-0.631,156.738,-3.235,-40.833
-0.573,0.049,-0.636,159.729,2.380,-63.843
-0.670,-0.226,-0.803,153.931,9.583,-70.679
-0.711,-0.300,-0.900,138.428,15.076,-62.927
-0.728,-0.320,-0.928,79.102,16.602,-25.452
-0.700,-0.219,-0.760,23.987,19.714,0.122
-0.677,-0.140,-0.700,-39.612,27.222,24.353
-0.670,-0.136,-0.717,-124.939,43.030,51.880
-0.678,-0.192,-0.758,-147.522,47.424,58.472
-0.715,-0.356,-0.808,-167.480,49.561,62.683
-0.703,-0.392,-0.797,-185.608,48.889,67.139
-0.692,-0.392,-0.759,-183.044,44.250,75.806
-0.726,-0.566,-0.673,-182.922,47.607,80.383
-0.753,-0.697,-0.679,-207.092,56.702,93.567
-0.749,-0.681,-0.701,-295.349,74.341,148.926
-0.707,-0.478,-0.672,-309.509,75.012,164.429
-0.632,-0.132,-0.583,-287.231,72.327,155.212
-0.624,-0.221,-0.544,-240.906,66.467,127.563
-0.629,-0.424,-0.467,-174.622,56.030,80.505
-0.647,-0.716,-0.424,-174.316,57.556,76.355
-0.652,-0.749,-0.453,-174.438,59.143,78.247
-0.640,-0.736,-0.414,-143.677,49.927,81.604
-0.616,-0.696,-0.326,-131.958,46.753,80.750
-0.579,-0.647,-0.226,-126.648,47.852,76.111
-0.585,-0.661,-0.260,-118.103,51.208,68.604
-0.599,-0.690,-0.298,-78.979,50.537,50.110
-0.606,-0.711,-0.325,-61.096,45.471,42.908
-0.604,-0.697,-0.330,-46.204,38.574,37.231
-0.606,-0.733,-0.307,-21.729,24.536,24.170
-0.605,-0.769,-0.253,-16.479,22.766,21.423
-0.588,-0.678,-0.274,-10.620,22.217,19.104
-0.576,-0.601,-0.290,0.488,16.785,12.939
-0.573,-0.592,-0.271,35.339,1.221,-14.587
-0.625,-0.913,-0.261,47.302,-0.732,-25.452
-0.652,-1.048,-0.280,47.119,-0.793,-23.682
-0.654,-1.060,-0.288,18.188,-2.808,8.301
-0.636,-0.974,-0.283,6.042,-4.028,23.193
-0.573,-0.725,-0.244,-0.488,-4.761,31.311
-0.547,-0.626,-0.235,-3.784,-3.967,31.738
-0.543,-0.610,-0.255,-0.122,-0.549,12.817
-0.576,-0.781,-0.298,4.517,-0.977,3.601
-0.583,-0.803,-0.304,6.653,-2.502,1.404
-0.577,-0.761,-0.286,-5.554,-5.249,4.944
-0.565,-0.692,-0.285,-15.747,-4.822,2.869
-0.581,-0.606,-0.383,-20.447,-6.470,-3.479
-0.610,-0.643,-0.423,-20.142,-10.986,-11.963
-0.640,-0.688,-0.465,-28.015,-24.170,-18.677
-0.670,-0.671,-0.519,-38.757,-32.715,-16.357
-0.672,-0.662,-0.515,-50.049,-41.809,-14.099
-0.669,-0.698,-0.469,-56.396,-59.265,-12.573
-0.653,-0.746,-0.371,-55.054,-63.660,-10.010
-0.601,-0.807,-0.175,-56.702,-61.646,-5.859
-0.579,-0.797,-0.175,-58.655,-54.993,-1.038
-0.571,-0.772,-0.208,-43.579,-44.128,2.869
-0.565,-0.686,-0.284,-30.090,-42.664,1.404
-0.563,-0.658,-0.287,-16.785,-43.579,-2.808
-0.568,-0.671,-0.285,-8.850,-44.739,-14.587
-0.574,-0.694,-0.298,-11.841,-45.410,-17.639
-0.591,-0.740,-0.314,-15.076,-47.058,-19.287
-0.601,-0.767,-0.328,-18.372,-49.133,-19.836
-0.606,-0.763,-0.334,-26.917,-55.481,-16.968
-0.606,-0.670,-0.375,-32.776,-59.570,-17.090
-0.608,-0.671,-0.375,-38.208,-64.697,-19.592
-0.605,-0.680,-0.349,-45.532,-75.195,-24.109
-0.603,-0.708,-0.308,-46.814,-77.698,-25.940
-0.596,-0.729,-0.265,-49.744,-78.308,-25.757
-0.601,-0.713,-0.285,-52.979,-78.247,-24.719
-0.615,-0.707,-0.323,-56.824,-81.543,-24.597
-0.611,-0.703,-0.283,-58.228,-85.388,-24.048
-0.598,-0.697,-0.225,-57.434,-87.952,-24.597
-0.587,-0.701,-0.184,-54.138,-83.862,-30.701
-0.577,-0.710,-0.167,-53.467,-79.346,-33.264
-0.580,-0.809,-0.159,-53.040,-73.608,-34.546
-0.600,-0.888,-0.189,-53.650,-67.444,-33.081
-0.612,-0.913,-0.208,-63.965,-59.937,-17.700
-0.607,-0.771,-0.248,-69.153,-57.739,-11.108
-0.616,-0.748,-0.265,-69.641,-56.885,-10.559
-0.621,-0.762,-0.252,-70.801,-57.617,-14.404
-0.610,-0.782,-0.216,-73.059,-56.030,-15.503
-0.593,-0.874,-0.179,-69.641,-53.101,-17.334
-0.604,-0.918,-0.195,-61.707,-49.805,-18.127
-0.616,-0.876,-0.239,-50.781,-46.021,-13.245
-0.646,-0.723,-0.341,-47.180,-47.668,-14.404
-0.657,-0.650,-0.383,-44.495,-52.307,-18.921
-0.658,-0.649,-0.372,-30.518,-70.007,-36.682
-0.646,-0.749,-0.278,-23.071,-75.928,-42.114
-0.569,-0.943,-0.014,-21.912,-74.524,-39.856
-0.531,-0.956,0.042,-23.743,-65.796,-33.203
-0.524,-0.944,0.020,-26.184,-40.894,-19.958
-0.560,-0.665,-0.176,-29.480,-33.569,-14.771
-0.582,-0.503,-0.266,-31.311,-33.264,-16.785
-0.614,-0.544,-0.302,-24.109,-44.922,-43.030
-0.641,-0.724,-0.285,-26.306,-50.354,-47.424
-0.612,-0.936,-0.110,-34.546,-52.063,-41.016
-0.577,-0.893,-0.038,-44.434,-48.462,-30.273
-0.565,-0.843,-0.036,-51.208,-31.189,-20.569
-0.611,-0.857,-0.156,-48.767,-24.658,-20.935
-0.625,-0.905,-0.173,-46.814,-21.851,-20.203
-0.619,-0.924,-0.146,-44.373,-19.226,-14.038
-0.611,-0.959,-0.099,-40.100,-15.137,-12.024
-0.611,-1.121,-0.038,-37.415,-8.423,-7.141
-0.617,-1.189,-0.033,-36.194,-0.549,1.831
-0.621,-1.225,-0.025,-32.043,14.526,26.611
-0.631,-1.231,-0.028,-23.499,20.569,37.537
-0.643,-1.289,-0.002,-10.986,25.391,46.204
-0.653,-1.373,0.036,1.282,40.222,70.190
-0.648,-1.418,0.066,2.686,50.842,87.341
-0.625,-1.278,0.049,11.292,60.974,102.295
-0.631,-1.173,-0.015,27.893,68.604,110.840
-0.641,-1.086,-0.091,71.960,68.359,111.267
-0.625,-0.975,-0.168,91.003,61.646,107.605
-0.604,-0.955,-0.183,105.103,53.589,103.149
-0.579,-0.958,-0.186,121.582,37.048,96.313
-0.554,-0.975,-0.166,121.216,31.372,97.168
-0.485,-0.969,-0.112,113.525,28.381,101.807
-0.438,-0.900,-0.093,106.384,26.245,107.178
-0.406,-0.864,-0.090,119.202,21.606,106.262
-0.356,-0.912,-0.063,138.428,15.320,104.370
-0.338,-0.917,0.023,163.269,10.010,104.858
-0.332,-0.899,0.058,194.275,27.039,111.816
-0.344,-0.871,0.020,193.115,43.823,116.638
-0.398,-0.771,-0.246,189.148,57.800,121.643
-0.404,-0.695,-0.349,187.622,63.660,125.854
-0.386,-0.606,-0.367,181.213,59.875,126.404
-0.355,-0.507,-0.448,176.208,58.655,119.995
-0.355,-0.458,-0.543,174.988,56.030,111.938
-0.348,-0.365,-0.646,175.476,41.016,92.529
-0.330,-0.301,-0.735,177.856,29.663,78.308
-0.283,-0.333,-0.766,175.293,18.799,65.491
-0.272,-0.375,-0.768,163.635,11.536,56.519
-0.267,-0.409,-0.786,120.666,6.226,48.157
-0.252,-0.389,-0.843,104.004,2.930,45.715
-0.242,-0.393,-0.844,100.647,-2.808,41.260
-0.228,-0.412,-0.809,111.450,-13.489,31.738
-0.208,-0.418,-0.767,110.291,-13.062,29.114
-0.166,-0.304,-0.755,106.934,-9.888,26.245
-0.162,-0.228,-0.797,105.530,-6.042,19.775
-0.171,-0.211,-0.882,130.981,-4.578,-6.042
-0.193,-0.240,-0.990,162.109,-11.658,-19.226
-0.195,-0.279,-1.011,203.308,-21.362,-32.104
-0.189,-0.326,-0.994,284.058,-37.415,-46.631
-0.205,-0.384,-0.922,298.645,-35.706,-45.776
-0.210,-0.378,-1.004,284.241,-27.283,-39.856
-0.195,-0.280,-1.102,258.484,-22.034,-28.503
-0.170,-0.133,-1.139,268.372,-37.109,-19.348
-0.123,0.085,-1.062,326.782,-45.227,-32.349
-0.104,0.181,-1.007,396.362,-47.485,-50.049
-0.097,0.249,-0.962,476.318,-39.978,-84.961
-0.156,0.239,-1.095,503.723,-31.799,-100.281
-0.155,0.383,-1.334,515.320,-28.015,-112.915
-0.165,0.395,-1.397,484.314,-75.439,-154.907
-0.184,0.089,-1.205,387.939,-99.121,-140.381
0.026,0.196,-0.772,238.647,-99.548,-86.243
0.074,0.412,-0.691,123.047,-86.121,-41.626
0.075,0.512,-0.692,89.416,-58.411,-22.705
0.091,0.634,-0.688,106.079,-49.011,-24.658
0.095,0.609,-0.743,130.188,-41.016,-31.799
0.096,0.592,-0.807,157.715,-39.429,-44.128
0.090,0.562,-0.839,159.485,-44.495,-44.312
0.076,0.417,-0.758,142.700,-47.485,-35.034
0.101,0.436,-0.710,108.337,-44.983,-17.761
0.130,0.506,-0.690,72.876,-34.668,8.911
0.166,0.577,-0.584,78.125,-33.386,12.329
0.176,0.578,-0.502,91.248,-31.555,13.916
0.172,0.577,-0.443,116.394,-16.174,22.522
0.152,0.555,-0.432,104.431,-4.578,30.396
0.106,0.557,-0.533,79.285,6.104,41.138
0.091,0.612,-0.599,59.998,12.573,51.086
0.081,0.625,-0.598,52.429,5.798,55.298
0.076,0.589,-0.482,61.829,1.221,53.772
0.073,0.525,-0.445,77.209,-0.916,52.429
0.064,0.475,-0.416,92.590,-2.563,61.035
0.053,0.448,-0.380,92.896,-2.136,69.214
0.025,0.426,-0.292,92.834,0.061,78.796
-0.004,0.527,-0.328,91.064,4.517,89.905
-0.025,0.632,-0.417,102.966,5.066,93.628
-0.043,0.544,-0.375,103.516,-2.747,90.393
-0.065,0.592,-0.322,92.468,-7.202,95.276
-0.093,0.687,-0.315,79.041,-5.920,107.117
-0.116,0.740,-0.297,70.251,-5.859,109.131
-0.142,0.802,-0.206,58.472,-3.967,111.511
-0.152,0.825,-0.155,52.795,-0.244,111.938
-0.176,0.837,-0.138,64.941,13.306,106.995
-0.244,0.839,-0.254,66.895,19.897,105.103
-0.267,0.819,-0.288,59.692,22.400,103.882
-0.280,0.771,-0.286,45.410,20.020,102.600
-0.294,0.713,-0.239,42.847,19.043,105.469
-0.345,0.696,-0.122,44.434,21.484,111.328
-0.369,0.777,-0.113,51.147,26.794,117.859
-0.396,0.900,-0.174,80.017,38.025,119.385
-0.442,1.036,-0.365,81.299,37.292,113.708
-0.457,1.035,-0.372,64.087,31.067,107.178
-0.474,1.004,-0.321,16.174,17.090,97.717
-0.490,0.966,-0.233,5.920,14.954,95.825
-0.511,0.958,-0.094,11.780,17.822,93.933
-0.520,0.965,-0.099,27.771,23.743,90.881
-0.542,1.020,-0.157,54.016,35.400,84.778
-0.616,1.191,-0.423,56.274,36.133,78.186
-0.633,1.237,-0.485,49.377,28.320,65.918
-0.638,1.199,-0.454,30.518,3.052,35.522
-0.633,1.132,-0.397,29.053,-3.906,29.419
-0.604,1.098,-0.299,34.424,-8.606,26.855
-0.586,1.104,-0.243,44.800,-12.268,23.682
-0.573,1.115,-0.205,65.552,-12.817,14.160
-0.563,1.082,-0.183,66.345,-10.803,10.071
-0.567,1.040,-0.183,59.509,-7.874,9.033
-0.571,1.027,-0.198,35.400,-6.409,9.766
-0.578,1.014,-0.204,25.024,-9.277,5.249
-0.566,0.935,-0.151,20.569,-11.841,0.244
-0.551,0.923,-0.097,22.522,-12.756,-2.991
-0.538,0.911,-0.074,47.180,-6.836,-10.437
-0.511,0.862,-0.036,50.293,-4.028,-13.672
-0.502,0.852,0.033,41.199,-1.709,-14.954
-0.509,0.839,0.079,30.701,9.949,-17.883
-0.526,0.818,0.066,33.569,17.334,-19.958
-0.545,0.857,-0.017,37.964,22.339,-21.240
-0.548,0.930,-0.073,48.889,24.475,-23.926
-0.545,0.995,-0.114,83.740,14.893,-40.527
-0.520,0.881,-0.046,92.957,7.996,-45.837
-0.510,0.819,-0.009,84.900,7.874,-40.588
-0.499,0.836,0.009,50.049,15.076,-24.048
-0.489,0.867,0.050,53.406,14.709,-24.902
-0.466,0.865,0.166,75.562,15.564,-27.466
-0.465,0.839,0.187,107.361,19.226,-28.870
-0.475,0.813,0.156,144.470,28.870,-28.015
-0.454,0.821,0.100,142.090,28.442,-25.635
-0.429,0.803,0.170,124.268,24.658,-21.301
-0.419,0.807,0.256,93.140,26.184,-2.991
-0.425,0.842,0.293,82.947,32.166,2.380
-0.451,0.755,0.337,62.988,38.635,5.493
-0.443,0.730,0.427,29.541,47.119,15.625
-0.423,0.812,0.549,-35.889,73.914,34.119
-0.393,0.904,0.656,-42.786,97.595,26.306
-0.410,0.904,0.548,-38.269,127.380,15.320
-0.455,0.926,0.376,-18.921,168.640,8.789
-0.504,0.964,0.195,13.733,170.593,7.446
-0.520,0.954,0.074,49.377,161.621,1.587
-0.484,0.890,0.215,66.528,149.719,-7.507
-0.435,0.792,0.382,57.495,148.743,-22.766
-0.373,0.794,0.575,45.227,149.658,-23.987
-0.403,0.926,0.662,38.574,149.048,-25.757
-0.463,1.021,0.635,69.763,177.490,-50.110
-0.516,0.988,0.469,65.918,195.618,-68.542
-0.475,0.679,0.111,21.606,197.693,-80.933
-0.379,0.594,0.074,-53.650,180.786,-84.290
-0.272,0.615,0.111,-140.198,124.939,-98.572
-0.132,0.549,0.218,-50.659,104.431,-107.727
-0.115,0.698,0.328,83.801,95.276,-94.116
-0.132,0.893,0.404,186.768,114.197,-53.833
-0.152,0.980,0.380,141.846,118.042,-56.702
-0.097,0.921,0.478,86.182,106.506,-67.444
-0.042,0.869,0.666,58.289,94.604,-75.012
-0.009,0.827,0.781,52.734,112.549,-75.256
-0.033,0.882,0.710,34.241,128.235,-76.355
-0.053,0.998,0.636,13.062,135.376,-79.407
-0.060,1.152,0.590,57.434,128.296,-93.567
-0.054,1.246,0.539,65.063,121.643,-108.521
0.004,0.960,0.355,20.020,110.413,-121.826
0.078,0.682,0.356,-61.890,87.952,-123.413
0.177,0.484,0.504,-185.791,31.677,-88.135
0.348,0.545,0.928,-145.447,27.466,-71.655
0.367,0.620,0.974,-10.010,49.927,-66.528
0.337,0.637,0.840,270.203,127.502,-79.590
0.281,0.582,0.612,299.927,148.682,-80.872
0.305,0.490,0.367,266.663,149.353,-69.641
0.382,0.504,0.454,211.243,136.780,-52.979
0.440,0.482,0.559,134.827,122.620,-23.621
0.397,0.446,0.479,108.398,124.695,-6.531
0.361,0.504,0.393,81.970,121.277,7.446
0.357,0.656,0.384,204.224,95.947,10.803
0.382,0.896,0.513,464.600,90.637,0.732
0.341,0.555,0.862,670.593,109.131,-15.991
0.350,0.134,0.669,655.029,142.334,-22.461
0.382,-0.092,0.419,332.825,117.859,33.508
0.436,0.005,0.550,216.492,66.833,65.552
0.465,0.089,0.690,141.541,28.259,80.444
0.503,0.082,0.802,42.664,2.563,78.430
0.548,0.100,0.939,57.434,7.141,80.017
0.533,0.122,1.012,115.173,22.278,82.031
0.493,0.034,0.834,155.823,39.246,84.290
0.465,-0.043,0.665,136.169,31.616,97.229
0.445,-0.051,0.658,116.150,12.390,106.140
0.396,-0.033,0.675,102.356,-4.211,116.211
0.319,0.020,0.646,55.481,-35.339,143.860
0.237,0.132,0.633,17.761,-58.289,155.762
0.170,0.350,0.784,-34.485,-82.153,160.706
0.199,0.388,0.866,-113.770,-100.891,158.447
0.228,0.449,0.952,-255.493,-121.826,141.479
0.245,0.725,1.219,-194.946,-119.385,123.413
0.242,0.613,1.181,-73.730,-102.661,96.130
0.246,0.381,1.047,-13.855,-63.293,64.636
0.243,0.208,0.924,-56.030,-53.101,72.571
0.161,0.224,0.797,-86.121,-48.157,89.111
0.085,0.362,0.795,-107.666,-48.096,107.178
0.022,0.511,0.820,-206.970,-59.448,129.028
-0.069,0.699,0.796,-304.932,-66.711,134.277
-0.096,0.787,0.732,-417.908,-74.768,142.334
-0.105,0.892,0.671,-525.146,-94.482,166.260
-0.104,1.005,0.636,-489.441,-99.609,171.997
-0.133,1.187,0.564,-429.687,-98.206,165.405
-0.173,1.155,0.495,-377.991,-92.407,147.278
-0.213,1.072,0.424,-369.873,-75.867,116.333
-0.229,1.130,0.298,-389.832,-64.453,112.976
-0.226,1.238,0.245,-377.136,-50.659,109.131
-0.215,1.294,0.198,-256.836,-20.691,78.613
-0.205,1.267,0.167,-190.002,-7.751,56.519
-0.222,1.066,0.091,-129.700,2.808,36.865
-0.241,0.939,0.045,-88.196,7.874,23.437
-0.263,0.832,0.006,-99.609,1.831,26.001
-0.323,0.855,-0.145,-129.761,-4.517,37.292
-0.340,0.939,-0.250,-141.907,-14.832,46.814
-0.350,1.006,-0.295,-91.187,-50.781,57.129
-0.361,1.053,-0.243,-65.308,-60.120,59.937
-0.351,1.046,-0.131,-59.631,-55.359,59.631
-0.335,0.986,-0.143,-63.354,-43.213,57.007
-0.307,0.908,-0.142,-36.865,-25.024,56.946
-0.267,0.800,-0.027,-2.319,-17.334,64.514
-0.279,0.843,0.005,24.658,-7.080,76.233
-0.296,0.937,-0.011,4.456,9.521,85.510
-0.317,1.031,-0.058,-22.705,9.766,74.646
-0.354,1.067,-0.179,-34.851,5.554,58.838
-0.364,1.065,-0.202,-24.841,-1.221,46.021
-0.361,1.076,-0.183,12.878,-13.184,31.494
-0.353,1.017,-0.095,17.273,-15.381,23.865
-0.359,0.938,-0.096,2.319,-14.587,17.395
-0.368,0.876,-0.141,-66.162,-10.010,21.118
-0.384,0.849,-0.198,-90.149,-7.935,31.006
-0.404,0.866,-0.267,-95.825,-6.775,42.542
-0.412,0.891,-0.274,-86.609,-7.874,52.307
-0.427,0.913,-0.270,-34.729,-14.587,57.129
-0.425,0.993,-0.236,-3.784,-18.372,53.650
-0.411,1.031,-0.199,14.893,-22.095,47.180
-0.414,1.014,-0.173,-1.587,-23.376,25.146
-0.419,0.891,-0.251,-20.020,-20.935,17.212
-0.264,0.933,-0.355,-25.146,-21.118,14.954
-0.181,1.035,-0.433,-9.399,-27.039,14.526
-0.340,1.078,-0.375,20.447,-55.237,-0.244
-0.611,0.958,-0.115,28.870,-61.523,-12.207
-0.565,0.887,-0.083,28.381,-57.251,-20.447
-0.489,0.856,-0.119,-2.380,-41.565,-18.982
-0.360,0.907,-0.223,-9.827,-37.231,-13.062
-0.336,0.942,-0.254,-10.986,-36.621,-9.827
-0.346,0.943,-0.271,-13.611,-39.490,-12.024
-0.355,0.921,-0.273,-10.742,-48.279,-20.264
-0.328,0.949,-0.250,-8.972,-52.063,-21.057
-0.318,0.993,-0.248,-19.531,-55.725,-21.667
-0.317,1.009,-0.266,-44.373,-61.768,-27.344
-0.319,0.894,-0.264,-48.645,-66.650,-31.311
-0.302,0.805,-0.207,-53.406,-72.388,-32.410
-0.280,0.788,-0.167,-88.501,-73.669,-21.423
-0.275,0.802,-0.156,-111.023,-63.904,-13.489
-0.251,0.794,-0.255,-122.498,-47.852,-3.296
-0.241,0.804,-0.344,-124.695,-34.241,6.958
-0.246,0.811,-0.410,-152.405,-30.273,17.639
-0.242,0.827,-0.493,-166.992,-33.447,20.203
-0.233,0.840,-0.488,-156.494,-37.231,20.691
-0.230,0.832,-0.462,-127.808,-42.725,13.489
-0.229,0.804,-0.454,-134.521,-41.870,10.986
-0.222,0.781,-0.512,-129.211,-39.612,10.010
-0.221,0.770,-0.540,-105.347,-37.720,7.935
-0.226,0.724,-0.559,-65.369,-36.011,1.221
-0.225,0.578,-0.588,-86.487,-35.461,3.357
-0.213,0.565,-0.593,-142.761,-35.156,11.108
-0.204,0.563,-0.608,-225.281,-32.959,24.902
-0.192,0.540,-0.625,-213.989,-32.410,27.588
-0.164,0.502,-0.601,-186.035,-32.959,28.748
-0.148,0.490,-0.600,-157.593,-33.875,27.893
-0.135,0.487,-0.604,-120.728,-37.048,24.109
-0.174,0.452,-0.640,-107.666,-36.377,21.240
-0.215,0.398,-0.678,-105.530,-33.813,19.165
-0.219,0.365,-0.672,-133.728,-30.945,28.564
-0.196,0.393,-0.615,-131.409,-26.550,34.851
-0.128,0.525,-0.542,-111.694,-17.151,35.828
-0.105,0.584,-0.587,-86.853,-5.249,31.860
-0.107,0.617,-0.664,-30.518,8.423,13.855
-0.139,0.584,-0.700,-4.944,6.470,2.930
-0.148,0.529,-0.643,11.658,2.747,-6.409
-0.167,0.443,-0.578,38.391,6.042,-16.357
-0.194,0.334,-0.549,38.391,17.212,-12.817
-0.258,0.276,-0.648,25.574,32.715,-3.967
-0.281,0.326,-0.735,12.146,48.096,5.310
-0.279,0.407,-0.804,3.906,64.392,17.334
-0.258,0.614,-0.852,12.329,63.782,17.395
-0.266,0.649,-0.853,29.358,58.838,10.437
-0.282,0.622,-0.858,83.740,42.480,-13.123
-0.300,0.598,-0.865,119.141,32.898,-22.034
-0.313,0.745,-0.883,157.166,25.146,-30.762
-0.324,0.809,-0.893,201.599,20.569,-43.945
-0.342,0.795,-0.882,304.565,15.869,-75.317
-0.312,0.755,-0.824,379.333,15.808,-85.571
-0.284,0.787,-0.727,486.755,17.090,-93.262
-0.286,0.801,-0.545,566.956,27.893,-96.680
-0.286,0.800,-0.389,525.269,43.213,-85.815
-0.278,0.860,-0.353,502.869,60.242,-66.772
-0.319,0.902,-0.342,508.911,70.740,-45.044
-0.369,0.931,-0.251,543.823,64.575,-12.207
